0.000000000000000000e+00
0.000000000000000000e+00
1.339214792841349200e-01
3.673220813040860909e-19
6.009789575409146736e-04
2.592636026078309897e-01
4.788586145652704018e-01
1.000000000000000000e+00
5.238000738673971313e-01
4.892613832243898342e-01
8.254052434478487132e-01
2.162394935054948175e-01
5.280076232431079042e-01
4.705924806452890241e-01
3.465650092959862150e-01
5.296855503292634548e-01
3.912623973274395039e-01
5.930308302255518083e-01
4.768697072016642169e-01
2.829250022790510966e-01
3.123180442242184940e-01
2.750264019780286340e-01
2.614591862103388120e-01
5.507635635058428791e-01
2.039229595438163956e-01
3.974162987658342305e-01
7.241875337104762833e-01
6.819520138677559462e-01
9.173659234476645441e-01
8.534823249050869087e-01
2.610899978803047916e-01
7.307057926722060337e-01
8.530933085451058995e-01
9.401720793462995385e-01
9.630858727995559310e-01
9.915589937043421953e-01
9.293149447506535710e-01
8.698734258650747675e-01
9.781358477992007083e-01
3.434472029816018623e-01
2.777600166381419267e-01
6.344712381229647979e-01
9.309837493692935118e-01
9.861327609532427596e-01
9.886451806960414590e-01
9.820030661961501872e-01
9.515684712783480936e-01
6.476660460518425255e-01
5.413139677955212115e-01
3.035206382708153239e-01
1.273463288617129596e-01
6.823048436370321435e-01
8.817355447293206971e-01
6.629365322213717215e-01
9.997436144024862692e-01
5.877002159957505079e-01
8.981990251162860206e-01
3.371345789809598315e-01
1.825799363853526647e-01
5.031442902329567035e-01
1.887712767409119585e-01
7.988985946696046669e-01
7.524861441200286771e-01
7.848602113454365981e-01
7.259408200526551447e-01
9.317334795934532066e-01
9.952842337578320375e-01
9.971567346341480009e-01
9.966025302779710771e-01
9.271328692671814142e-01
8.691105292369709634e-01
1.117211172842991762e-01
3.284578983074085690e-01
3.438431962104285811e-01
9.144160495796641586e-01
9.949252388695136728e-01
5.987844997221233312e-01
9.204659369075914865e-01
7.524508447404079092e-01
7.354048830349312338e-01
9.710578495379794672e-01
9.682952622247077423e-01
7.706051623616375634e-01
9.842984718231685415e-01
9.886792172738887441e-01
9.826230571900611555e-01
6.947920862490349903e-01
1.750566598952455755e-01
2.424845711587320374e-01
1.076490679385203736e-01
6.139026254242950162e-03
6.645932022266013046e-03
3.695742146087500624e-01
4.733470170086217510e-01
1.000000000000000000e+00
1.000000000000000000e+00
1.000000000000000000e+00
6.581854133463131973e-01
2.407980048686809288e-02
1.411715278933770631e-03
6.914859497503382003e-04
4.931052719652226912e-01
6.616904782267199470e-02
1.878774438352708853e-01
3.268408461944587770e-05
3.049719006033752011e-01
2.451196133835691418e-02
2.342552918208824220e-01
8.035479527267123112e-01
4.505332427099785764e-01
4.142486624394889350e-01
9.978734064309245921e-01
8.025200658503469642e-01
4.345085898802960589e-01
6.046830397218561082e-01
4.138124025622491597e-01
4.412300310316694119e-01
6.517108170520824473e-01
7.756477716976898362e-01
7.312498709794144069e-01
8.156518095646864142e-01
2.442473881000384039e-01
2.396796967974478276e-01
2.707040493191661956e-01
1.722511018188191967e-01
1.866158871269319453e-01
1.729225387282453952e-01
5.449401224899237395e-01
9.041451711581900419e-01
2.723944654237320795e-01
2.170400049155867817e-01
6.936085332490415922e-01
9.405239727397958494e-02
8.164147593837446371e-01
8.515871598875064397e-01
8.907663264682227355e-01
9.686387235242890359e-01
9.882911120929760429e-01
9.893444779592229787e-01
4.896295435879820523e-01
7.926952842632105645e-01
5.276495129364514591e-01
7.386914591466389179e-01
9.987663963381113730e-01
7.007686991276078636e-01
1.000000000000000000e+00
9.565813287684794552e-01
9.870644956174522422e-01
6.088095372782231784e-01
8.529527894025251689e-01
7.350888352773740086e-01
4.979632749977762618e-01
4.007621164067744490e-01
8.978502124896203807e-01
6.910159182446182768e-01
9.487302649617685990e-01
8.602825253179450238e-01
8.286290900650060687e-01
1.732740017090117490e-01
1.424913476041146931e-01
9.064563714778084424e-02
5.105537997597221489e-01
4.482101974354936735e-01
1.064299673200316265e-01
7.838252797702064401e-01
4.987443420072052991e-01
9.877307798910562875e-01
9.975583301277470838e-01
9.991433662121467218e-01
8.535600744569729059e-01
8.098927557814376010e-01
6.988478893655888369e-01
5.177686794679134952e-01
9.801305723222125676e-02
1.691632996610835105e-01
8.513828646736727457e-01
9.950215602422288752e-01
7.695735626604552904e-01
7.246920639308911394e-01
5.517843456743439789e-01
6.048913086041776133e-01
5.390216225664248295e-01
9.748349394174208316e-01
9.712637126859090531e-01
9.991635073106496234e-01
9.989171723305009243e-01
7.680293113632882251e-01
4.121534409181845660e-01
6.532661113186370994e-01
8.700638161784918223e-02
2.408953192437707572e-02
4.741906148924004416e-01
1.707657318742091326e-02
1.811606000419291873e-01
5.604788460614050782e-01
8.044600072278516034e-01
1.000000000000000000e+00
1.000000000000000000e+00
9.989490110833018077e-01
7.495121118613289335e-01
8.481399711969475272e-03
4.849891113302312040e-01
5.144574221510981316e-01
0.000000000000000000e+00
1.263912973612714985e-01
2.227278712548473316e-01
1.132445579772083143e-03
4.429848050153503136e-01
1.298403644208423746e-01
5.372075414978374486e-01
7.316901971748633882e-01
5.610840024505406864e-01
9.879424067211485250e-01
6.192907606553931243e-01
8.137992134462502802e-01
7.753097496740549710e-01
8.966460757810954529e-01
2.902590777991887472e-01
5.294888372098638385e-01
4.482275263719399661e-01
5.770331882286693359e-01
4.117892262807099080e-01
8.532860239688506709e-01
7.287596915267029463e-01
2.791472111744580098e-01
2.107543481440976585e-01
8.446846735153577812e-02
8.258575133586404382e-02
6.854438368675885851e-01
8.038828567125706481e-01
2.103253042403072370e-01
5.501134928853690376e-01
9.222333687235613475e-02
2.017898910234402002e-02
1.747358433163089253e-01
4.522739561109875850e-02
8.047196737896470387e-01
4.112769866996243695e-01
9.508083965123143022e-01
2.975255408598589391e-01
5.910168428909136074e-01
8.798115952477164603e-01
2.862762561417147023e-01
9.993790873239926098e-01
1.000000000000000000e+00
3.792363233573509129e-01
1.000000000000000000e+00
9.841124736717138388e-01
9.996741324717169919e-01
9.989117062077851328e-01
9.948960526201873211e-01
7.591287327426226028e-01
7.063683357499949134e-01
8.852122710002880979e-01
5.887686144866409732e-01
8.346829523308957333e-01
1.489893910600379734e-01
6.455458651979707474e-01
7.192510048716168614e-01
7.321691880039167544e-02
6.295088645298884122e-01
2.521465622492735995e-02
4.721103551855952707e-02
4.127583328676793888e-03
6.799599757184154880e-02
6.957518406546641110e-01
5.743573918894121499e-01
9.903786553641691359e-01
9.994143287186630920e-01
9.999000068586910706e-01
9.459676300600099452e-01
7.649818168913754546e-01
9.603063047766415838e-01
5.259681413349827084e-01
5.762054260953852758e-01
8.859621007423121863e-01
8.380865181170999989e-01
9.973065779121692565e-01
7.188863870946541335e-01
1.931219040499238260e-01
5.529645233732767284e-01
5.590065095090629779e-03
2.243208057878734729e-01
9.896022129625585695e-01
6.410364673538764269e-01
7.492496897274691925e-01
8.016365495335273650e-01
1.000000000000000000e+00
8.094524693823937911e-01
8.732031963171535960e-01
1.299591386755739042e-01
2.998998147428747485e-01
1.522015983018791194e-02
8.688223754706068871e-05
1.211577107314770613e-01
9.708974303662054606e-01
5.750380699392210193e-01
6.609838697496711601e-01
1.000000000000000000e+00
2.699746254510478338e-01
5.865841575898018689e-01
3.291894469375588050e-01
4.711824520284716433e-01
2.720582034404961380e-01
1.245434564605152478e-01
0.000000000000000000e+00
1.348695657233200495e-04
2.821825616446664298e-01
4.984192329580016678e-01
4.734820503450992007e-02
1.677525851148693736e-01
6.731847040607529253e-01
9.563099233217909889e-01
8.748007284720262788e-01
9.555235132243634633e-01
5.527372512903880875e-01
7.522021267882841311e-01
2.090183021226538762e-01
7.044388680468506303e-01
4.008602062529281751e-01
6.911847000921368389e-01
9.761820997963999158e-01
4.329953358220554049e-01
3.179113131486390742e-01
2.348526001921774908e-01
1.556044959223297497e-01
8.475441166399383386e-02
4.468432390800836096e-01
5.747263004691782751e-01
1.535129650444474747e-01
4.631645074147645591e-01
1.871768061618756251e-01
1.522986904598519209e-01
2.338129046422214030e-01
6.622698084996610224e-02
7.004819561436016473e-01
5.378517642885494165e-01
1.561691897466699064e-01
4.329499337480006149e-01
6.232587459574407962e-01
9.554811046233686600e-01
9.884424707576826563e-01
7.164022301618910848e-01
3.855930799625620908e-01
5.931464320640568166e-01
6.659671721240624231e-01
1.000000000000000000e+00
9.998342344923148994e-01
6.312384844269518513e-01
9.996906979815269878e-01
8.130616306967191065e-01
4.859846285123825549e-01
5.521081327276191608e-01
7.331363554105542191e-01
9.272413265577846841e-01
5.162290719554585294e-02
4.701606726401823949e-02
5.201468231224060795e-02
5.521226694743793656e-02
4.815962155926662575e-02
5.083055934413160948e-01
1.731822273173815041e-02
2.828927939559710003e-01
5.447131074054324326e-03
8.468226872068361456e-04
4.118287559167556865e-03
6.458207241923976660e-01
9.516532644333861590e-01
5.300854458470046771e-01
1.000000000000000000e+00
9.998439787607493745e-01
9.992447143877783988e-01
9.899752546821394272e-01
2.554270215348489192e-01
6.636336903010474630e-01
6.683205712928915743e-01
2.747413827139136289e-01
1.474844377508324200e-01
8.818986350627598947e-01
2.857295917955078313e-01
4.879760840002525524e-02
1.030468633456785021e-01
2.393877903010518601e-02
4.665066895827778004e-01
4.068214565013613671e-01
9.365791506455004578e-01
9.986307726759051651e-01
4.163603799427122998e-01
4.756514000863269476e-01
1.913247755149292684e-01
1.421326263344562801e-01
8.545140079122596211e-01
1.989090453914101053e-01
1.588105780236316600e-01
1.665281016508314837e-01
3.197404383591589405e-01
8.742924078944939170e-01
9.711745460282882325e-01
4.991796933228681565e-01
1.000000000000000000e+00
8.320002756810711553e-01
2.095772684717024104e-01
4.590192452913522958e-01
6.679730636610724526e-01
4.027332110063744364e-01
2.433441783771697065e-01
0.000000000000000000e+00
2.293497578216548427e-01
1.144840772600822926e-01
2.921995184460112697e-03
4.985120154309367058e-01
6.903077348258379597e-01
1.895924401783454782e-01
6.680808362929835376e-01
9.762270613031017730e-01
9.672126546809330927e-01
4.973335390197831662e-01
9.021394052203235425e-01
8.660668277840268825e-01
4.196211159102150035e-01
9.068934406158476458e-01
9.952794372168136672e-01
3.769145801206110757e-01
7.361134379971568942e-01
5.389571101278483045e-01
8.890864327038549009e-01
3.221772789105163959e-01
5.322253738587996441e-01
9.346487645386487852e-02
7.548564401209819641e-01
7.393812157663172124e-01
1.416523460835155956e-01
6.011989456172239787e-01
1.054329813484593814e-01
1.309756586632488708e-02
1.041397939297327054e-02
5.242534109715123354e-03
1.375527143372935399e-02
1.222694792519648105e-01
8.026089381358807451e-01
4.625437899072675219e-01
4.804454572829411907e-01
9.593660090512258209e-01
8.854988395913649946e-01
2.643879845017890196e-01
3.235583905866879495e-01
6.776623061355404598e-01
9.021609376064484431e-01
7.701979259294763347e-01
7.773335432872202633e-01
7.912509557868360188e-01
9.988888831223385889e-01
9.989927963605008676e-01
9.992932947141484057e-01
9.923050873003842476e-01
1.098761567423525293e-01
1.099774464495789777e-01
2.897127222365127319e-01
4.923303296130417395e-01
1.248371533328614114e-01
2.619824308408131852e-01
3.237716867567025925e-01
2.556394236169389628e-03
2.439208397393838601e-01
2.717953573925288902e-05
8.793090024084313427e-09
4.900296595329585274e-04
7.671016061372350203e-02
2.761250719278787180e-01
9.852826184870956405e-01
9.998198338798826024e-01
8.452725455564475965e-01
5.093133696221789908e-01
7.377761007667406057e-01
5.120064140151217025e-01
8.037763099125225796e-01
7.758372482103239598e-01
2.435234922171204131e-01
7.997741698105912400e-01
5.804117112567083181e-01
4.256969540715186961e-01
1.340422778248791767e-02
2.758815827724786680e-03
2.103181372895969736e-01
1.100230926011355886e-01
6.353180174807351310e-01
4.386310793645908368e-01
5.414810998960692956e-01
5.034092291845198019e-01
3.138714176321737437e-01
3.260583198829876683e-01
1.206800169689541680e-01
6.107496249541745081e-01
7.812769333958088369e-01
2.085697005076236066e-01
7.196608213028160561e-01
4.924042125079381577e-02
4.381921671271439278e-01
4.269305567786030320e-01
9.894835594613821117e-01
7.901366783111438696e-01
9.475213145465068987e-01
5.643704265844258217e-01
1.056957711749888923e-01
2.445597720306971756e-01
7.870798316831578711e-02
5.390517438695984209e-01
7.429808038060937703e-01
5.108592285693720481e-01
6.876116344803004377e-02
5.847627104932162645e-02
1.089352216840352647e-02
4.656945618624305228e-01
9.805998159902582501e-01
9.758777991688333264e-01
9.995191091157941132e-01
9.987018206547026988e-01
9.765853146188155920e-01
6.302826504697759402e-01
3.967203124246152512e-01
7.807160007134101853e-01
8.276360617508716766e-01
3.525876496918808889e-01
3.860317183834965360e-01
8.664549641936640789e-01
6.408503566199929002e-01
9.957475354357594455e-01
6.563761633245980276e-01
2.480774308514590298e-01
7.739873803683535725e-01
1.855192851980996815e-01
5.337903806226057535e-01
5.992819450346790200e-01
3.223444741664109325e-01
1.811713322678252802e-01
4.819698079731368767e-01
1.515993755123584523e-02
1.417436479780198079e-02
9.486803088785504545e-02
8.330985226150888767e-02
1.613460490454543539e-01
4.554382141373302662e-01
2.958763515540759892e-01
9.469737218815907909e-01
7.549822496804003968e-01
2.204143166672996035e-01
2.927038781481577367e-01
2.822561542452709515e-01
3.362484798374126838e-01
9.492383579761193291e-01
4.248270151233121683e-01
9.878398701648214431e-01
4.872254895347194470e-01
8.275793034475916743e-01
9.269918881016416812e-01
1.703166716505943312e-01
7.864408621428569113e-01
3.129756934814743180e-02
4.538313277955599578e-01
4.042242913781294300e-01
3.914713982075370691e-01
2.596239911388081856e-01
2.090474512341305383e-03
4.367604509690793391e-01
4.297540160621270979e-05
1.628220705031627191e-01
0.000000000000000000e+00
7.327631750489294049e-02
3.560591949972236048e-01
6.539788722559688461e-01
8.071837692572317868e-01
9.914876366510523287e-01
9.963470762661108537e-01
8.404016121258636174e-01
9.555457949444058352e-01
6.980322233026204914e-01
2.211180020932358714e-01
1.865259175925854107e-01
5.310275398569336280e-01
1.892317214391598668e-01
6.790881287441993819e-02
3.563837286678092631e-02
6.520087815882086649e-03
3.387425249578410787e-03
1.386790198128857142e-02
5.093605430348939478e-02
1.464118466835946930e-01
8.261655963289754601e-01
3.677683844514284539e-01
9.296361740273708651e-01
7.202483136781641093e-01
8.344411402112584808e-01
8.337365558363827311e-01
7.942312054779266939e-01
8.220122872113158063e-01
8.039405386209299564e-01
5.963924541773515386e-01
7.408010008801688695e-01
1.074026868534080220e-01
9.845311898935935613e-01
5.653329591256652797e-01
9.973819995176967934e-01
3.839763743937484319e-01
4.878651796851600775e-01
5.446681485533232392e-01
7.011158756087877419e-01
6.242238618217981205e-01
3.842927828852644723e-01
0.000000000000000000e+00
2.153709846259120597e-01
5.415993655399939932e-01
4.559514234076582073e-01
6.430244619595905722e-03
3.138159595055068363e-01
7.228950711716577437e-01
8.854904822170045486e-01
8.612442310954869784e-01
8.049105914871005352e-01
6.676729660995005533e-01
4.394248285099120466e-01
3.972258470826374732e-01
1.616944345421722773e-01
9.390552375762010184e-01
3.390811644028448035e-01
9.999305206735227269e-01
9.999846909685852214e-01
9.999997294726419295e-01
9.748155129467982460e-01
9.917196168358617392e-01
7.319638167294771902e-01
9.167904648058081696e-01
9.528037232890296249e-01
7.622751574487653947e-01
1.107707443175915407e-01
4.181221053907811097e-02
2.022206122740587142e-02
3.906070833759044125e-02
3.552556911933110045e-02
5.617655293505908753e-01
1.348430281920185159e-01
6.469463857242786498e-01
1.037841665465763785e-01
7.706119905795498770e-01
2.024170357208009141e-01
8.622511846579135053e-01
8.297089428372305120e-01
3.161261508803012710e-01
5.413090138452140154e-01
1.647500401247462276e-01
5.874206895846253440e-01
3.595931255568435847e-01
4.022990086347526528e-01
7.029955545776158665e-01
4.453236312046671141e-01
8.092283736639025449e-01
4.606470005295191794e-01
1.520130849526903916e-01
2.716096487133791704e-01
2.481376461750703019e-02
5.604542765155295231e-02
5.327019406127768697e-01
3.278787897662695516e-01
1.493739225322160136e-01
1.009241557189737570e-01
2.217943781975980928e-03
7.225235920307067350e-02
5.190554352233647632e-04
5.266972841952960015e-04
2.609377555776302704e-01
4.084200951967567605e-01
8.006118292918426027e-01
9.195338317115692162e-01
8.249270634842584826e-01
4.968726475717094582e-01
7.007183915723481649e-01
9.438236444066386843e-01
8.043235760128141232e-01
9.202703464882086015e-01
6.524969285399865315e-01
5.975760057737142805e-01
2.241506335326137467e-01
3.671775947685612107e-01
4.978491982853794351e-01
2.563117377201921676e-01
4.238143267215769248e-03
1.018095153467600683e-01
4.180843396497435638e-01
2.647705959638234074e-01
2.248892914883457161e-01
9.840158261957391295e-01
2.833533449331373522e-01
3.890903192318006520e-01
3.196291177156086460e-01
1.298114111101012769e-01
8.392073142548164277e-01
4.484271798276205367e-01
6.198368916803747020e-01
8.596135430516581577e-01
1.847746068019061327e-01
6.311541696586249195e-01
4.906928942613603128e-01
3.851136960038072377e-01
9.690620040604778218e-01
7.510472988452913112e-01
7.844503518976975176e-01
7.476022296221125352e-01
8.067262246839362883e-01
8.752180874252741827e-01
5.109162304457003367e-01
4.330713160836216122e-04
2.991793450105608154e-01
1.277983997026513850e-02
4.668576305319395159e-01
2.463136281057258948e-03
1.969976440399728163e-02
2.714075592518833679e-01
4.977017899440012161e-01
9.370358228252281263e-01
5.240195375342481254e-01
1.000000000000000000e+00
3.413645777231337775e-01
8.983007203230994886e-01
4.188182883763834630e-01
1.874838394112573470e-01
9.794389993993608545e-01
9.892809465175816941e-01
9.946439436609092466e-01
6.216501989700592423e-01
9.998870747756851696e-01
9.999210627684742558e-01
7.134983723501844288e-01
9.976312433696350457e-01
4.962335175926999020e-01
9.351999493333285063e-01
8.825895849087027623e-01
6.647321163111107323e-01
3.137823301958406197e-01
7.548713537108975302e-01
8.832742266018720478e-01
5.251425033989511881e-01
2.006418165080604832e-01
9.373328837436868677e-02
1.353559911839722317e-02
1.191476071864155661e-01
1.111965537383360209e-01
9.228233225663167172e-01
4.263252116842634054e-01
1.969385849657613041e-01
6.305328954401430153e-01
6.489776212177229553e-01
6.933911393259742928e-01
1.020020998708912607e-01
3.409994069964811247e-01
3.538798285020699486e-01
3.432171046292497585e-01
4.917873352726198077e-01
7.622357386356373166e-01
4.843611861122932294e-01
1.424748491365875613e-01
3.839215084126457872e-02
2.986301475445780618e-01
4.827818847705605543e-01
6.515816936585482333e-01
2.119246471686214162e-01
8.350278186432911198e-01
1.481550776173807815e-01
5.386240656007157401e-01
4.244909960123105508e-01
5.511186442895403825e-01
5.895767777551642538e-03
6.431688180931323107e-01
8.422788095872377201e-02
2.372038613407133900e-01
6.494064621879371835e-01
8.646823219744230737e-01
5.200879382102379100e-01
4.134307609612207224e-01
8.146023873708357899e-01
9.017693657374370453e-01
4.700690664957963283e-01
3.662422501832978128e-01
6.680481422698774097e-01
5.625880252147740235e-01
6.379532070193490167e-02
8.632258173195508574e-03
4.763676899653768691e-03
1.037640964660592989e-02
3.029511017342728096e-01
4.353791791192067329e-02
4.959418011625985057e-01
2.420558323958487135e-01
3.069035705169896877e-01
4.608875147827355967e-01
2.263594402189933741e-01
7.088539569648550920e-01
7.249044052933079074e-01
7.235127360967155141e-01
9.415285454869600779e-01
9.177756568630458522e-01
4.333226864664867506e-01
9.988937527463018773e-01
5.698597754032396212e-01
6.367639583853108576e-01
5.793094366989400834e-01
9.532577579117240685e-01
5.233610012033951264e-01
8.477455104575782885e-01
8.608828408009602251e-01
3.776976208994577977e-01
8.804323915232509234e-01
2.484681893759899951e-01
7.885033636118472522e-01
4.698044833495965134e-01
4.100975816407703700e-01
5.501912651662738823e-03
6.618343129344807056e-03
5.088170374294231219e-02
1.346539393100364690e-01
9.275749505691029961e-01
5.335164465044717197e-01
7.518158654872517666e-01
7.970771264739212603e-01
7.934046254519077079e-01
8.271194995296642372e-01
2.931799809062296536e-01
2.167086411320347517e-01
2.134096217500844328e-01
5.392102395721882768e-01
9.582730202121031438e-01
9.946063083053436893e-01
9.998993225486766390e-01
9.999999994419574989e-01
1.000000000000000000e+00
1.000000000000000000e+00
3.039797969413120526e-01
2.004003340247262621e-01
9.432162735688349731e-01
5.227826941593558541e-01
9.905585864226152948e-01
6.349129928557332159e-01
8.171475901483636617e-02
6.736547627760469670e-02
2.501759000835607205e-01
6.128666351017624248e-01
4.252774576306246890e-01
1.196236821761731128e-01
9.094551863755305776e-01
5.003051299510154898e-02
6.112604019539435996e-01
6.527153880793838958e-01
6.943481509904271542e-02
5.340273809133603417e-02
6.811131416863493160e-02
5.910547955400078518e-02
4.207780211175557450e-02
6.787106295756080154e-01
7.480375844028126775e-02
9.408401748802823483e-02
9.863641839134071332e-02
2.133610395928461079e-01
3.293866795676150261e-01
5.248995165468024471e-01
7.034225705289899322e-01
5.497162397180533899e-01
1.000000000000000000e+00
4.673358645879344686e-01
2.020386002928980518e-01
5.585267592737526154e-01
7.913523590401760899e-01
1.536569066558589602e-01
1.547746336973926662e-01
1.846571802835399734e-01
1.105906334934926988e-01
1.172551957122065919e-01
6.364982431647231431e-01
3.144682774259742186e-01
7.805983018865119138e-01
5.418368832698551296e-01
4.405630237146529460e-01
7.663364394462810480e-01
4.476745252414647824e-01
2.821219881334298130e-01
6.330873798422803622e-01
2.108624500820578673e-01
2.474033172617517429e-01
3.068114913851578696e-02
7.995286896366566795e-03
2.557610008460758921e-01
1.890125203451609170e-01
1.399126494535866440e-02
3.400733797242064954e-02
1.494940884164751571e-01
7.358698887352386198e-01
7.086000455813911136e-01
8.762000161425309575e-01
7.120835334647109827e-01
7.525886560547472293e-01
4.174670021493769867e-01
9.537697592138482117e-01
4.665177567871565678e-01
6.441896849014193682e-01
3.301845160656420308e-01
6.856295473013928055e-01
1.000000000000000000e+00
5.869883456873018490e-01
9.330866065110632324e-01
4.336536234746219964e-01
7.679796514597708734e-01
3.403534451410716866e-01
3.736706352159207545e-01
9.030564444115167788e-01
9.854360403623928510e-01
9.198381920448630567e-01
6.462152969455375873e-01
7.544264445207732317e-01
4.601674855038784262e-02
1.607626597090965406e-02
1.308708737331948369e-02
5.185453308145611118e-01
1.146867500973569737e-01
1.666317889526271190e-01
7.052061314615991616e-01
3.157430755940497935e-01
7.560858687517959531e-01
7.542254775829451141e-01
6.588758938675400856e-01
1.725743393748906673e-01
4.885330430674336144e-01
8.738012545807263276e-01
9.620490376635126850e-01
9.798432612001656272e-01
9.913008016924484966e-01
9.999341493976873219e-01
8.733267557691304361e-01
1.000000000000000000e+00
9.633520269276637515e-01
6.145913257718548239e-01
7.948603894135372050e-01
9.952756135841637208e-01
9.832051240817125670e-01
4.037740517168503795e-01
2.003011838741880213e-01
5.181623830575107226e-01
2.695889653157903122e-03
6.434829722176297478e-03
4.356802528971220889e-01
5.090918794698778838e-01
6.639505147735944579e-01
7.276356050279424170e-02
3.012925074761365063e-01
5.657064280766130326e-02
3.445427111792020297e-02
2.728092855357657776e-01
5.131945969462866630e-01
6.278170943808278892e-01
6.293930632653416124e-01
3.864890323311465786e-02
4.417597886572278698e-01
1.143971738797742027e-01
1.451598247476949821e-01
8.529210483393227793e-02
1.286864313871620702e-01
7.313280456219410919e-01
3.238289795217625944e-01
8.474587111665425887e-01
6.053829508515379265e-01
1.000000000000000000e+00
3.246208618566952531e-01
6.298354386833407981e-01
2.815645960801363423e-01
8.032546094529885439e-01
9.640854926054150953e-01
7.222593329526080241e-01
3.492797359790946188e-01
3.460612560548262384e-01
3.403037634707732906e-01
7.592201441663183614e-02
1.969583012630488350e-01
4.917595847791962904e-01
4.658360198049789069e-01
5.242243429733104421e-01
8.279395183003542824e-01
4.083903494573962178e-01
2.479469655825347896e-01
8.498144041961328554e-01
8.206418504603022468e-01
6.279158675742770868e-01
2.621265426890823091e-02
1.589178168116310297e-01
2.023504771275796421e-01
3.979425047285708311e-03
1.694525547457578774e-01
3.505680636471729117e-01
5.058017438459944115e-01
2.895142272267567929e-01
7.884129278331020174e-01
1.441705944966418518e-01
5.538656979813141312e-01
3.119360021605385169e-01
8.996488880201781724e-01
7.872179869337518898e-01
5.523117517140164745e-01
9.996925322013267001e-01
6.098980083154390552e-01
6.217625710889993496e-01
7.512648472532090782e-01
5.211005740554215393e-01
7.076810481840091205e-01
4.453882115489780635e-01
7.543790262970894167e-01
9.998768480739804732e-01
9.999684134954098802e-01
9.162496824760979486e-01
1.000000000000000000e+00
5.560942622834283977e-01
7.985633127530415987e-01
2.289307093842544716e-01
4.948571807824481694e-01
4.126366648899761902e-01
3.913235465525390089e-02
1.949195626215912552e-02
4.613166282167981136e-02
1.333447032139400412e-01
6.376508882586584548e-01
1.380446851473655367e-01
5.872579263499446700e-01
6.658621188430895455e-01
6.051345014116003146e-02
6.786074863894417941e-01
6.808836191167864094e-01
9.336066659231754272e-01
7.668891509530555428e-01
9.628836761065996397e-01
9.849740264513620058e-01
9.139464559953139888e-01
9.060493984795977562e-01
6.819989854180833477e-01
9.964127197581915674e-01
9.974139141236285644e-01
8.572134029910104536e-01
7.654990741148075539e-01
7.474000861292006137e-01
1.527757656022269706e-01
6.054559882683819838e-01
2.768227127318633740e-01
1.051104109107731804e-02
4.309906815046014583e-01
1.046342192858407405e-01
4.678294006579672981e-01
5.402860352819286449e-01
2.649724847270575334e-01
6.132190830206821902e-02
1.966248513106993653e-02
2.992021175029022442e-02
2.903831576154355942e-02
5.162292003460525192e-02
7.043663102045080171e-01
5.042023563871490532e-01
4.082248059027137055e-01
5.740066369282014191e-01
9.308138762173258363e-02
6.073685456552766482e-01
6.248361840545221257e-01
5.041469093161226045e-01
2.012577676834856888e-01
2.712223726503487642e-01
7.219130689835534520e-01
6.167187166292144029e-01
5.435227736554549827e-01
5.846582030121338924e-01
2.903380411166001096e-01
2.695046265574977951e-01
2.464636585595643137e-01
4.944626246842578898e-01
1.072090035884751130e-01
3.424523613887218987e-02
4.594399752920414470e-01
1.788333995463392513e-03
3.128917362593836016e-01
8.091343076445110805e-02
1.309370444043631287e-01
9.237274956521115410e-01
6.928858395258902236e-01
8.162397215209705736e-01
2.482310025401958387e-01
1.903374581261708665e-01
5.673088240406836125e-01
2.645680144128300104e-01
9.999617081733409851e-02
2.048049388589264982e-02
9.599726942833727156e-03
2.384153221883202611e-01
1.372776431323652624e-01
7.771365688586251430e-01
8.428887380773336657e-01
5.057965409198453832e-01
5.511469174044252295e-01
1.343432336612661593e-01
8.537993107437781282e-01
8.809998071107277839e-01
8.941362244242182511e-01
5.612077750307165047e-01
1.915706436365386400e-01
5.302166224922612026e-01
8.643918914735562176e-01
4.849827066054925861e-01
7.084179862451502885e-01
2.823971156014186690e-01
3.125421709901217149e-01
0.000000000000000000e+00
2.828863488906877000e-01
1.000000000000000000e+00
1.000000000000000000e+00
1.000000000000000000e+00
1.000000000000000000e+00
1.000000000000000000e+00
9.842916785029404148e-01
7.186057982865935445e-01
5.198739326924442343e-03
5.604024342038419482e-01
0.000000000000000000e+00
6.664637949330226743e-21
3.766427325928493053e-01
5.954281436374839753e-01
4.650686954477766810e-01
5.803174282981999887e-01
1.802994150795481088e-01
2.027310817598942383e-01
4.297718589380296605e-01
1.001474502007937833e-01
7.747560284768938432e-01
7.772425775664557612e-01
8.674826034692774135e-01
5.849506704892276643e-01
9.542167324281514151e-01
9.866960255798532531e-01
9.995373682948142102e-01
6.080937922979008370e-01
8.471845232969775763e-01
9.999616153392043572e-01
9.999158516242611094e-01
6.484927729184236656e-01
4.525908516048128827e-01
6.387493410307597541e-01
5.371738709280468038e-01
1.141340366360394341e-02
1.579758133565506151e-01
5.083413911245073663e-02
2.179139249098928366e-01
4.204951628226925170e-02
1.273448495875683650e-01
2.349355308997339714e-02
3.427394819152668748e-01
1.237486877049434331e-01
2.699425586512443909e-02
2.043674857095312825e-01
7.307092394765178633e-02
4.315953037001322157e-01
1.034174609533046324e-01
6.222803380670953732e-01
1.956121073158811619e-01
6.696342492080198383e-01
2.637974985482672841e-01
5.871248093198554452e-01
7.597436670963024496e-02
2.622668657413699811e-01
6.801489527236788124e-01
5.504833020704232860e-01
9.498293972674523022e-01
6.523957577446924949e-01
5.426039669751927530e-01
2.601512698679366298e-01
3.507502098980273542e-01
2.022441590822431079e-01
3.782343744300513122e-01
6.315854298736894856e-02
4.768084707066442829e-01
5.322424649944918493e-04
3.178455471682333222e-01
3.611900866606816175e-04
1.849281179002866928e-03
9.504692812159010532e-03
5.709259551607204219e-01
1.242816877692800095e-02
7.066815944028727314e-03
6.260733320828257842e-01
5.555764441652352170e-01
8.316461153990224453e-01
9.963390574314651138e-01
6.868051317482533058e-01
2.124529618110095885e-01
4.596091328109802032e-01
4.722946660014856191e-01
3.764150002151980812e-02
5.675402096897560478e-01
2.353616627517258197e-01
4.161442845775506494e-01
5.025318250830780320e-01
3.833111395793533105e-01
8.578687613201544868e-03
4.949162187356213605e-01
1.015451368068507748e-01
6.396754353157313444e-01
9.456469508065421525e-01
6.541287894838200279e-01
6.639974302452014143e-01
4.679369466898271601e-01
6.285148152631553353e-01
6.578430539461820326e-01
1.104782960179416839e-05
0.000000000000000000e+00
7.070996325596942920e-07
1.000000000000000000e+00
1.000000000000000000e+00
1.000000000000000000e+00
1.000000000000000000e+00
1.000000000000000000e+00
9.999638951264632203e-01
2.706950332667906745e-01
4.560330226947260646e-01
4.292952713762451539e-04
4.740761918981367118e-01
5.485509696756419856e-20
2.939871941087963351e-03
1.772935906950552989e-02
1.208857621110518976e-01
3.922115960637729409e-02
2.202792286827464155e-02
4.999628273220433905e-01
7.150186517591691215e-01
7.303116159569752464e-01
7.682577197868416530e-01
7.820627811726628131e-01
5.096543500465099408e-01
5.503036408030094195e-01
9.162757462939202791e-01
9.672483660033538433e-01
7.765294077746865975e-01
9.997762243967642792e-01
9.999108479056623144e-01
9.999999999999943379e-01
6.316730604925572257e-01
7.276975480261262952e-01
3.352639153289424523e-01
7.228285651623591601e-01
6.001999099067798493e-01
4.087840511721518300e-01
4.006260523942370977e-01
3.575271855010880157e-02
1.780611292249915933e-01
5.569689421128623356e-03
6.875695657661695312e-03
8.748855391525700576e-03
1.531084663028885462e-01
1.843354030001983015e-02
2.579362538572338992e-01
2.894005903820430770e-01
4.748880414338318423e-01
3.298022422630891293e-01
2.888757175122333987e-01
1.735886969241499933e-01
2.045294077321469506e-01
3.219020333455739902e-01
5.664106946007222421e-01
5.224574904524362795e-01
5.596582736572178751e-01
5.238254889745808107e-01
4.479625169259365824e-01
6.282806748364900828e-01
8.794437556519701937e-01
1.829317947938133015e-01
9.157406199398057112e-01
8.278441754274206144e-01
2.404743208270122556e-01
2.910615430351957689e-01
8.143625685822247773e-01
1.604893988347554437e-02
4.908996129769118699e-01
5.941239472351041596e-04
1.854272404322047096e-01
3.747807723253715473e-01
3.554509610529908172e-04
5.307451604511007615e-01
3.084916587165430907e-03
1.914057844691753434e-03
4.621020684711519134e-04
1.267292556983571905e-01
7.102223934250658788e-01
4.309217966256249088e-01
5.341777484797459730e-01
3.665296193197951635e-01
7.057895764612792666e-01
5.257142379602505189e-01
5.325142422263704489e-01
2.802412951276761488e-01
8.077336329022060113e-01
5.817560002527651930e-01
2.487933495039885701e-01
7.342583097003970716e-01
3.118833772734140863e-01
5.162854599647190845e-01
4.887079840747372006e-01
3.274328063316729320e-01
5.343850235358071216e-02
1.941571803298876298e-01
1.615231622860592020e-01
3.259039480437896930e-01
2.007227981045764387e-01
3.651010876979160491e-02
1.638868924525264392e-01
3.981037698837934794e-06
5.093625036820833798e-06
3.286252338738181959e-03
1.000000000000000000e+00
1.000000000000000000e+00
1.000000000000000000e+00
1.000000000000000000e+00
1.000000000000000000e+00
9.999984572925419979e-01
8.168605225989934437e-01
1.536431056706816234e-01
5.350835200399494708e-04
1.402131798064909333e-02
4.449505208362032893e-01
1.236803004058398342e-20
7.529878942902574861e-03
6.373408337048979133e-01
6.415802540161623657e-01
2.715683016117051984e-01
7.953644821377297003e-01
5.220852088486765963e-01
5.821846155962359104e-01
4.621211102945080862e-01
5.044278441365757093e-01
4.809153926919410571e-01
7.695611007993746755e-01
8.059263640182799948e-01
2.653066803065655122e-01
9.545760082498061516e-01
8.604016600783186419e-01
6.831239807356032090e-01
6.603664555710292428e-01
6.411734963904041074e-01
3.851376168491707497e-01
5.626023740949551710e-01
7.155748709686473585e-01
7.376598861311968458e-02
7.366118513015474933e-01
4.861600099440394618e-01
1.703697522546797002e-02
1.061163761074744843e-03
5.499300114322250299e-02
3.835386194602026233e-01
3.445690235690411496e-02
3.027511476872611369e-03
1.826436383451940926e-01
1.881228176768460006e-02
3.664436240022368729e-02
7.615525325828834124e-02
5.687874240014971494e-02
1.395884258540489031e-01
6.447338908768491805e-01
3.248129159356808460e-01
9.696273704491228385e-01
8.364984410800357928e-01
3.406878043152316016e-01
6.887871575686408399e-01
8.956859282148049717e-01
9.001402396314496235e-01
5.778439284540185517e-01
1.325567350160255231e-01
3.734817514667455596e-01
9.014607853935294735e-01
6.853905056825133624e-01
9.083996667310292317e-01
9.374888101370357774e-01
1.442709728664637869e-01
1.231925349448641516e-01
4.404422946025829955e-01
6.955892785624916662e-03
1.654974271833649802e-04
3.238705163610548673e-05
1.714504654037672554e-05
4.115984949036619600e-01
9.614344255183568215e-04
5.929356443870678062e-01
2.180414861657336417e-02
5.267567080056292372e-01
2.186892868554287384e-01
3.256884975692716511e-01
8.323526715057683045e-01
8.798649883323997889e-01
3.551663917691265104e-01
8.212197067040997167e-01
1.644920386963869274e-01
5.717739959027279273e-01
1.475614731740444996e-01
4.704159386326840497e-01
3.919964357322646559e-02
5.016295168315775266e-01
1.095887446605498655e-04
2.548751376258863791e-02
1.916618581790804909e-02
6.055468907873955420e-01
2.299362988362635696e-01
7.616027049712934538e-01
5.185732546248295050e-01
4.583651178081094568e-01
3.923954740911665406e-01
1.890799147130202071e-02
4.786261184200650380e-03
7.305931996163956546e-04
1.596997950608944382e-03
5.159511200570566364e-02
1.000000000000000000e+00
1.000000000000000000e+00
1.000000000000000000e+00
1.000000000000000000e+00
1.000000000000000000e+00
9.999999998249089472e-01
9.888041131376872350e-01
2.573652918111949406e-01
1.190538731628073277e-01
3.662479163180742264e-02
0.000000000000000000e+00
0.000000000000000000e+00
2.693744781124525756e-01
3.430311037307622046e-02
6.885499311223738372e-01
2.461361580378354230e-01
3.200712511997871879e-01
5.782287747235126396e-01
4.866050184475415596e-01
7.038139128718395865e-01
8.503579682505260084e-01
7.964823735800149462e-01
6.870123767614427779e-01
5.985032797531322224e-01
7.511861129568129236e-01
4.133689399119854779e-01
3.278851202588786151e-01
9.791093278566818103e-01
7.973957593253235832e-01
9.500548782300174411e-01
7.913384651747227272e-01
2.059315794678204248e-01
6.770022834516933319e-01
5.407518268817967932e-01
6.500011488918340241e-01
4.153259738551985381e-01
4.381090880933541931e-01
4.171528135469899645e-01
4.132420783393012174e-04
3.191425564704795659e-01
7.426362855806856688e-05
8.753486695835085887e-05
2.621036454504138691e-01
2.717083761486811522e-01
3.015990260381687035e-02
3.291945175399922929e-01
4.962808694606595655e-02
8.878138275150851411e-02
2.430750027214744480e-01
4.458001720178244587e-01
9.869618903370904750e-01
5.372614976415540644e-01
2.870351638084284174e-01
2.709597980675436113e-01
5.254118449989053641e-01
9.453185897438133312e-01
3.221490415750983272e-01
8.482848644669931382e-01
2.967115623699839166e-01
8.529773114680455626e-01
2.860208430009799629e-01
3.025562116611745234e-01
4.984028173436822473e-01
6.433375167220493074e-01
1.698691076674845035e-01
6.395605362855264486e-01
4.609123934704851405e-02
4.277749791687144622e-03
3.249828194003535065e-01
1.690608076011207439e-03
3.849074458121308218e-01
5.485355613665829910e-01
5.245653020184708193e-02
1.741575982438711701e-01
5.635685296949798362e-01
9.423388403144665748e-01
9.603740376639109400e-01
9.875177854323649029e-01
3.492627462728888910e-01
5.212025776742851280e-01
9.387210947990997090e-01
2.905076202084492243e-01
7.508071335051942352e-01
4.240119729145913063e-01
9.999789233488942664e-02
6.552371938816077268e-01
9.650221615580375145e-05
2.612651059098377582e-01
9.978795433630359424e-02
4.262207919655072175e-01
7.074894495329389077e-01
1.007588005708234952e-01
9.907335730696038845e-02
1.394607660303163743e-01
1.451763083953328259e-01
5.374658606734301625e-01
1.277693441629920539e-02
1.420659695260005073e-01
1.588293826368613465e-03
2.432317889813018653e-03
4.812503132281190435e-03
9.065553752343404881e-01
1.000000000000000000e+00
1.000000000000000000e+00
1.000000000000000000e+00
8.379699376531996036e-01
6.427737412525882377e-01
3.138843538052795701e-01
5.882270990277265188e-01
5.823001940892673645e-01
6.450448373775053978e-01
4.692657420502480692e-01
1.243848594393771921e-03
5.946961228529623611e-01
1.193203736105453994e-02
5.781635076962358122e-01
4.388005937594469108e-01
9.033371388944572145e-01
1.091317580433994322e-01
8.107998604114650121e-01
9.059417364967414787e-01
9.133812546065027682e-01
1.289846374669796070e-01
3.577282942952507427e-02
4.902823239312547043e-01
7.451280011073895260e-01
8.923788617796316047e-02
3.819314016035244008e-01
9.273716029044493103e-01
7.493489275131353100e-01
8.136531139868604656e-01
7.944002193589370098e-01
7.110722378679759093e-01
4.843302763092607321e-01
3.448895350012379790e-01
5.750856981697993059e-02
3.283738769665767859e-02
1.607465885082119128e-01
1.158590352953833185e-03
1.594446023360277798e-01
2.470521380777238318e-01
1.777692115473491763e-01
0.000000000000000000e+00
1.105056462200124240e-01
1.536599692349633894e-01
2.443325405435696485e-01
3.970576736893929870e-02
5.518601227758847955e-02
4.590398184131567194e-01
4.444138125885791490e-01
3.355873160067493477e-01
3.881422870394034552e-01
4.031928513459895891e-01
5.828093357297188248e-01
3.631172967614447189e-01
5.254050775554958141e-01
9.646822910512914406e-01
3.294440424574265891e-01
6.755565424182595757e-01
2.957042499285342796e-01
6.571349379773024912e-01
5.092770433385503948e-01
9.813602165622371531e-01
5.653470923587117225e-01
3.737444744095848592e-01
9.719560578254802241e-01
8.308209161647854835e-01
3.205304247569196741e-01
1.120816045528656990e-01
4.390712400320740949e-01
2.466094126603884107e-01
5.315599108646907878e-01
4.986078770872585664e-01
7.606482366637478121e-01
9.859115405591695191e-01
4.489008552640046945e-01
7.112468178297416399e-01
9.633511169645212480e-01
4.277738805528572552e-01
9.715770420061112800e-01
6.841412399236913577e-01
9.698101838041269795e-01
5.038273123821913613e-01
3.717412303290045239e-01
4.955746331233075730e-01
2.377237367713039284e-01
2.452941860244477797e-03
1.975334139688894874e-01
4.181167296122944022e-01
5.986612550257181063e-04
7.006176294862650478e-01
5.349397657912977055e-02
1.804834818010407349e-01
8.302034837059230066e-01
7.291936016265505582e-01
3.180683252372635272e-01
1.731840081874985032e-02
9.752991195870624325e-03
3.807535567706919581e-03
2.156445291929546832e-03
3.262383676390248708e-03
5.710946133985752779e-03
9.980218679240963064e-01
9.989232532128599074e-01
9.995965326393563277e-01
9.996842188828005682e-01
9.994255894822071662e-01
9.990123231384675506e-01
8.176758309506183542e-01
8.241311622197881881e-02
3.222100231024779271e-01
0.000000000000000000e+00
2.775352761326788653e-01
5.347614257772151936e-01
5.174932930400091280e-01
2.060267187191868743e-01
5.311007492207341363e-01
8.051989780303669964e-01
5.630576587356361795e-01
2.922023848967053583e-01
1.564413154490100766e-01
3.730558120246297293e-01
5.806539562322856618e-01
7.949276773080850012e-01
3.541246866039783336e-01
4.026132219304736753e-05
3.644110111093396553e-01
6.428956246534795610e-03
2.111674927292409021e-02
3.440668946378170334e-01
6.971173077233041582e-01
1.893264648330227340e-01
7.779320193892825808e-01
3.687504121918574462e-01
7.405927353013935788e-01
7.519185875331191315e-01
7.388760585281566318e-01
7.691483290129833561e-01
1.912109446634435717e-02
9.175442634375186035e-02
0.000000000000000000e+00
0.000000000000000000e+00
3.964155488370584846e-01
0.000000000000000000e+00
2.017199483100153568e-01
4.608265234644373654e-01
2.017573576759862652e-01
2.459589742992461525e-01
1.383018871407135642e-01
3.103960086587101985e-01
6.853452966176835082e-01
3.918294753844016043e-01
3.345881091324682255e-01
4.067652415341251326e-01
8.580446217172125190e-01
9.925998679949451509e-01
7.194730748398249220e-01
3.892323043378056457e-01
9.789007005954306617e-01
9.839938091036849466e-01
9.295879387171709363e-01
6.131699570739232996e-01
8.129536389902931592e-01
3.877926171131894639e-01
9.951993390998140621e-01
7.205257028355969151e-01
8.085552149993960880e-01
9.318788256357464217e-01
6.307323321690501139e-01
4.267330946358047217e-01
1.352816907541638976e-02
3.380937133875694944e-01
8.385418889383078334e-01
7.559293859665601190e-01
5.850675527226961714e-01
8.808883898961969994e-01
9.971635405408169062e-01
9.824887282416978618e-01
9.664994918015256120e-01
9.496838242754210846e-01
9.211818987706402728e-01
8.773760941747906772e-01
4.532702113271566136e-01
9.600949443264853445e-01
9.583805092579410490e-01
9.383761686826940229e-01
8.511751934097299133e-01
1.000756739253737954e-02
4.749066399668909200e-01
4.554903602257975056e-04
4.689763262156709757e-04
1.355140780028415703e-01
4.156598976965515391e-01
1.839693870196573433e-01
4.297784966949664415e-02
3.615273348846651663e-02
3.124683854176664721e-01
3.180445764409629561e-01
1.370115237502799246e-02
4.778285281045843019e-03
2.995620909447131372e-03
4.688212012619618653e-03
7.652581291841604148e-03
1.170766645481256946e-01
9.921611725430208306e-01
3.879522800477384070e-01
5.163348395159569337e-01
5.108038194227162432e-01
2.155430918279728214e-01
8.605398585368887465e-01
7.689809011946210360e-01
9.144750921560904078e-02
2.463625523552952779e-01
3.319801375035280055e-01
8.498737369257702845e-02
5.302475812686102685e-01
5.692169628581632557e-01
5.621382617173096286e-01
6.461005165388038485e-01
7.545786797077829178e-01
1.814986769915024334e-01
1.805055880710745297e-01
5.507897920108172363e-01
2.479163362233305634e-01
6.659401182362971461e-02
1.086669144629746064e-01
9.844012050788364387e-02
9.431485761053950143e-05
6.936145346902152301e-04
2.987622347483097074e-01
1.923937653516782920e-02
5.616124590432450825e-01
7.191316904984147440e-01
7.814812483315819458e-01
5.318437052290198030e-01
5.604170947708534412e-01
5.247991819885488018e-01
7.067767698792004616e-01
9.375604004477335884e-01
5.456051112099876699e-01
8.189218499665420481e-01
7.762738065584247060e-01
5.465212975908954052e-01
5.019963660401269845e-01
4.501219485343818105e-01
1.358063586359575525e-01
7.709198151494771611e-01
8.265631160296558200e-01
8.164610494700009768e-01
1.147324085049420891e-02
5.754753201972665488e-01
4.442912158398728550e-01
4.484013256513153522e-01
8.137049472440194275e-01
3.692479635960251860e-01
9.529917035047417162e-01
7.783025318255516467e-01
9.890140625397638718e-01
9.839089075612006408e-01
6.474539797896415871e-01
9.983573219371929541e-01
8.566085917543209138e-01
9.991556689690921367e-01
6.242950560403519589e-01
9.975279798576774937e-01
9.297617040980330483e-01
5.798769900393281329e-01
6.726440024747117885e-01
2.940671754236372504e-01
8.026862398532372822e-01
7.404999648856082084e-01
2.564295647912743364e-02
8.418574162570478803e-02
9.955073252840243025e-01
6.361445773402056858e-01
8.852314637476944581e-01
1.000000000000000000e+00
9.355668891513529983e-01
9.908585312609116125e-01
9.724367411544739825e-01
5.613024564763081647e-01
7.002390939084101040e-01
9.863320234630834626e-02
8.970169646729929391e-02
7.385080655753685219e-01
6.782324239024004608e-01
6.892928871266856827e-01
9.782581445295791545e-01
2.146624369954683031e-01
4.385793192893610581e-01
3.323061899512796697e-03
1.012164626644177640e-01
3.984415813732559292e-02
6.791810305820680238e-01
3.693660497501850826e-02
3.978837218518094243e-01
6.662090346295362897e-02
7.553241223702680252e-01
7.403326863774503108e-01
3.112940238751119720e-02
1.088932134458215142e-02
5.086054432393582320e-03
7.252347952254967721e-03
1.198603494600990332e-01
1.782229953176684423e-01
5.052621433355480862e-01
3.356422004241784163e-01
8.467479693820351150e-01
1.704361630821054630e-01
7.424198719225689747e-01
8.347688677257025791e-01
2.942948449563530522e-01
2.593297892481046252e-01
1.184662204277886211e-01
3.030518318778084863e-01
5.368633184554996163e-01
7.381118473492744858e-01
7.246679947221816853e-01
5.998851443707278186e-01
4.724952250217817618e-01
5.341241874542302925e-01
1.002709850475115433e-01
6.368366986821225595e-01
2.227297773780892720e-01
1.295922007335052750e-01
5.926779869107722254e-01
1.052735268180698264e-02
1.346204690106602873e-04
2.854225058756097999e-01
1.477835188544220635e-01
7.087877902898426837e-04
4.190094250043421842e-03
1.887093484380380354e-02
2.636007712567594585e-01
1.776717431960367910e-01
5.788073173036804020e-01
7.984685967801447015e-01
3.828545390280698180e-01
2.480614712011303680e-01
6.680704988820732049e-02
4.431912895467123858e-01
9.932664954608535490e-01
9.840735196378913585e-01
9.744402535129659260e-01
9.651875308385176044e-01
9.611765456539107522e-01
9.648683574837608745e-01
5.949055471280088048e-01
7.590243587943218406e-01
3.855859129472054558e-01
1.828444394612822321e-01
2.963570260544730606e-01
3.301890114850916103e-01
1.583841035679434128e-02
4.641600810844189184e-01
8.655633361958586791e-01
9.948056211510726277e-01
4.847319610541107604e-01
9.857373437219998369e-01
5.087306851588262457e-01
4.054040310163611882e-01
5.800294033440502872e-01
5.650795158565825593e-01
6.440005518421790809e-01
3.643888362636943934e-01
4.582867861357867167e-01
4.098076868798115058e-01
9.165680907791093901e-01
8.423317703141004475e-01
9.087154950069638026e-01
2.524261636108937057e-01
4.491797261302221123e-01
2.547068748161512852e-01
1.489463466284158544e-01
8.369755454491540902e-01
1.000000000000000000e+00
8.844889001667363138e-01
1.000000000000000000e+00
1.000000000000000000e+00
9.955419650722584501e-01
9.340931669730571096e-01
9.264638003090320817e-01
4.955219344499364742e-01
2.077964741220632294e-01
2.046696988448530319e-01
9.431188507356873529e-01
9.386520344496422918e-01
9.964363353610367069e-01
9.858938790427069776e-01
8.472472346633225238e-01
8.087601129970929670e-02
1.541852388521047085e-02
2.777010198974513844e-02
7.565414155531458018e-02
6.832036006382469218e-01
7.088261727738650597e-01
5.024255500482090880e-02
8.278189931831848591e-01
5.906366207619219155e-01
2.192346891641517859e-01
6.893433894408445006e-01
3.778282850952884020e-02
1.221331979061936884e-02
1.341188709276920459e-02
2.221947813500725274e-02
1.681226386774278270e-01
5.399052873764501603e-01
4.188448091673720453e-01
4.456712036779089670e-02
1.340784934603627687e-01
7.054802290863478875e-01
4.839821579935547069e-01
7.603988987659873189e-01
3.644676911470285940e-01
8.306420785213509683e-01
4.320178970930033668e-01
8.973269216852751695e-01
9.115707932478220865e-01
8.150294456434319379e-01
4.818799888764587203e-01
5.977056079752509840e-03
4.739794926086077220e-02
5.074945542068897142e-01
1.537568647773563946e-01
1.675030809845323709e-01
7.594375335751052392e-01
4.087496230875908160e-02
5.139097908790762718e-03
3.575795955044401842e-01
9.292466365043994259e-02
1.584446459153366005e-05
2.488998720653384160e-04
7.420955730882939586e-04
2.795636805517366132e-03
1.684996472399807321e-01
4.236084852098198628e-02
2.448053640114558338e-01
3.940003252110390597e-01
5.776668056466519596e-01
9.351561982551342966e-02
7.514142310547160530e-01
1.000000000000000000e+00
1.000000000000000000e+00
1.000000000000000000e+00
9.999999999999880096e-01
9.999703187785606850e-01
9.998906341124665920e-01
9.994190241786534701e-01
9.884103308320165704e-01
9.850195248543471838e-01
9.638499717668330691e-01
9.281452843545267006e-01
6.554382926571975521e-01
8.278746055312380392e-01
3.201258441341384153e-01
5.746031383187338165e-02
6.556759391208168974e-01
9.655674596093898332e-01
7.081349108880785614e-01
6.585590599043681381e-01
4.856934839315101282e-01
9.800845489088811924e-01
9.637639444809639189e-01
2.532058788238961688e-01
4.629327238888096829e-01
8.487286819537860350e-01
7.655387444260204344e-01
4.939358361976463607e-01
1.887748599228085411e-01
8.682619641860424009e-01
7.411092055128255529e-01
9.263530400927747488e-01
8.232453061932004656e-01
4.305733706780678904e-01
9.447698303054420377e-01
7.491058330968409784e-01
9.882334183453441723e-01
9.999924657673815442e-01
9.999810720151202093e-01
9.999320443657522262e-01
9.997926975197539701e-01
9.916358574000081472e-01
7.105744647086166266e-01
7.131483177288704400e-01
7.810650936323623172e-01
4.362413101513729075e-01
4.127150810900796496e-01
8.448060772221331893e-01
9.973160350462652035e-01
6.760582184906820391e-01
6.769522460332475511e-01
4.126545975954054590e-01
2.107706018760920619e-01
1.973123642303698799e-01
2.403338541838920539e-01
5.400431575061432898e-01
5.923373426302512845e-01
2.140206797478132195e-01
6.892921863776899638e-01
5.060217338397591247e-01
7.536936436243492077e-01
3.904104660335954158e-01
1.619738311068187331e-01
4.379264664372207183e-01
2.220413163325656372e-02
3.232989510163612468e-01
3.908764480815759557e-01
4.182647543867371587e-01
1.747471155028956225e-01
1.922990340526442576e-01
6.648576543260244220e-02
3.619432970681049633e-02
3.998117247396912877e-01
3.535019228427003224e-01
4.079730767531613567e-01
3.411084816907193340e-01
8.636435534416059268e-01
8.887192482916105307e-01
9.369066875744357370e-01
5.132704944124645285e-01
6.983875635673336690e-02
3.715807106196789694e-02
7.373889432494534768e-02
7.654679260174299671e-01
7.198030253679066348e-01
6.423410451195055160e-01
7.816391516218464952e-01
7.829999278526519890e-02
3.436653139395185082e-03
3.973103363118066125e-05
1.384087741493695516e-05
3.167762443621433986e-06
9.886927506790258303e-05
2.917451332177020129e-01
1.708069590295301782e-03
7.005523029504904207e-03
1.244500632635357762e-02
2.084408294695228037e-02
2.846718820383171630e-02
3.700256312582440171e-02
7.973926192471212371e-01
4.630563363615674000e-01
9.477572055806742224e-01
8.304103729725664795e-01
1.000000000000000000e+00
1.000000000000000000e+00
1.000000000000000000e+00
9.999815927650032021e-01
9.999475975105334147e-01
9.999013758004221541e-01
9.976210760913648556e-01
8.113548124454781352e-01
9.748646870348901539e-01
6.574031248702882912e-01
9.270559844193142496e-01
7.925767524866950131e-01
3.802449847119561688e-01
6.301305015149841204e-02
9.682336705183888226e-01
7.458642300499527256e-01
8.332919699079195386e-01
4.364073562747671775e-01
7.923748738218293619e-01
1.394909071566058367e-01
2.517646143759549870e-01
3.602120528873264949e-02
4.151906998166567803e-02
3.088776411805523037e-02
4.571092074833302821e-01
2.833305877736169709e-01
7.629453012636461251e-01
9.108430394734767788e-01
6.718671340755314469e-01
7.412273418150768789e-01
9.564860967107036149e-01
9.632755283729795837e-01
9.791254059305199986e-01
9.967847122226017875e-01
8.320790024312388899e-01
9.998661165481628199e-01
9.997095516056796471e-01
7.137663136852945289e-01
9.938843333739679764e-01
6.053045793958523602e-01
1.426442107088961297e-01
1.167692229561737571e-01
1.956631369932866071e-01
9.532656217921641195e-01
6.508026437780860540e-01
9.893688320478684073e-01
9.138493801376734726e-01
8.982274035278234869e-01
5.886845718390641968e-01
9.376801632675249576e-02
1.027589341848950399e-01
1.866032188295289329e-01
7.357393719689941936e-02
1.526509247275416870e-01
8.053931921877930181e-03
1.498093346183254626e-01
6.227670062892866065e-01
4.915930874901653369e-01
1.000000000000000000e+00
5.664297172995714780e-01
7.781981857590181129e-02
3.211525596233723578e-01
3.165296112382170457e-01
1.896007834667773617e-01
2.273606294051677412e-01
1.492048803899304332e-01
3.873811272712685362e-06
2.373524220813656203e-05
1.589715723032257833e-01
8.908918243076727195e-02
1.182713960328838909e-01
8.230759422314597451e-01
6.322610280919001013e-01
9.869071150084449684e-01
4.086645458832141586e-01
3.993388985626165066e-01
2.974611580107161535e-01
6.152312839038690528e-01
6.648045853705202290e-01
1.903626673662692226e-01
8.288384797907487334e-02
3.727480779831917612e-01
1.786193149604457797e-01
1.452720111852253970e-01
7.723817730200681353e-02
5.853081710901922828e-03
8.471608230962567043e-02
7.109043474994160855e-06
9.855094183991588317e-09
1.479256930637929020e-08
5.119606114095163292e-04
1.377029990853399499e-01
6.195106188197697580e-03
8.837313242231442656e-03
9.488676528096550572e-03
9.694766648764868711e-03
1.532874279736431145e-01
6.153350884922599295e-01
3.025376868761621152e-01
9.999936875797048597e-01
9.305919777834286144e-01
9.999999999999965583e-01
1.000000000000000000e+00
1.000000000000000000e+00
7.099863697193391499e-01
9.999355340034625783e-01
9.998953909175410937e-01
9.335061134592294030e-01
9.938158523574508463e-01
9.853883559888702015e-01
7.206790562087573848e-01
6.656260684472513622e-01
8.120401624514784755e-01
7.347173529175918816e-01
7.242003945965709566e-02
6.265659738715517735e-01
9.535138949554302634e-01
6.809718494521285193e-01
5.916787615008691770e-01
8.255940648305716278e-01
4.492297589400927604e-01
4.218510247300000238e-01
6.671730139973559501e-03
6.112399153585453514e-03
6.181758623710228440e-01
6.138084545535248404e-01
4.722824496074060074e-01
2.594408180194370250e-01
3.948415198060317710e-01
9.832569145206780936e-01
8.988128215766701956e-01
9.877892482295748122e-01
3.689938659715283897e-01
5.556956844347143987e-01
8.832805132772657553e-01
8.314753528161030749e-01
9.357766021456309646e-01
6.693660915122098265e-01
7.481704460353080233e-01
6.606717805416009170e-01
4.764782223351429202e-01
1.953127277381178917e-01
5.940605166242683977e-01
1.238617858307173164e-01
1.630699135593886573e-01
2.289809936409084590e-01
9.452117674742593900e-01
9.519794531934197002e-01
8.961419764045380765e-01
6.822406249727023253e-01
5.176547262312554132e-01
1.411898895766943995e-01
1.198603032223666681e-01
4.992558797069897303e-02
5.058539864046342205e-03
1.087304377784271553e-01
6.760781665793114126e-01
4.522617720088783488e-01
1.000000000000000000e+00
6.919477595778863455e-01
5.936808357527829649e-01
9.999420498624080889e-01
1.385662389034077457e-01
7.819931242614987232e-02
0.000000000000000000e+00
0.000000000000000000e+00
1.097169610134842571e-01
6.360869564207781611e-20
7.690234380441121620e-02
1.690488451962576008e-07
3.694987716518405851e-01
3.587953552167340576e-01
3.210321691044913939e-01
3.071563952349341542e-01
8.975155982452170944e-01
7.794638001644791370e-01
9.848442832044229656e-01
7.127166938395522733e-01
1.953142177589675677e-01
6.177139975966510210e-01
2.334796146438398168e-01
9.205201447237493229e-02
1.212330559105683769e-01
1.432954530982140928e-01
1.358601735506267671e-01
2.556965072229882563e-01
2.550155115807812775e-02
3.301940650607330108e-01
1.588232777439802066e-04
2.624292681152536359e-05
1.305993426479967745e-02
1.373491423098744703e-02
1.199813121348908881e-03
6.938991999541467212e-03
1.094790571172025127e-02
6.320434907851324446e-02
1.530235166544894887e-01
1.174489094254228295e-02
6.330030619850481044e-02
6.569884034481342505e-01
9.990800782490723009e-01
7.530911291248311157e-01
9.999983402708527702e-01
9.999999904884918633e-01
9.999926534403312806e-01
9.999534416912128076e-01
9.999305144399189826e-01
9.998960699969501320e-01
7.641906877652684393e-01
7.679526839919633696e-01
8.316298792565109954e-01
9.809603922079471738e-01
6.365587377035645256e-01
8.577636739412920486e-01
8.032326740176579660e-01
3.887959752302947436e-01
4.726313731929074335e-01
8.118277908945420451e-01
7.924460706464337978e-01
5.188684120122136756e-01
7.451357838597891803e-01
6.499941204779189352e-01
4.469452859669923589e-02
4.878301154367759712e-03
4.057841780683398292e-01
3.639831881758837876e-03
1.096378313659435730e-03
8.370980470637084134e-05
8.743019652688751447e-03
3.681835814214625135e-01
8.381521556251987359e-01
9.995481209897520980e-01
9.949184585902294264e-01
9.438013464991688029e-01
4.626009715520104648e-01
9.794498944914070693e-01
9.991560388071523136e-01
9.996030089239434924e-01
9.995005544930249952e-01
9.988861790369173432e-01
8.395096512071059669e-01
6.358827767581288759e-01
5.961729657913784897e-02
1.453748261995115865e-01
1.263246352936339516e-02
1.169905246218210237e-01
4.083809573622851907e-01
4.551346558303491774e-01
6.619214661244640086e-01
7.866462622488208378e-01
4.135243069707815189e-01
7.655441003525377264e-01
6.012760981315885545e-01
1.809679714888842994e-01
2.755704657958401582e-01
1.133501650297360358e-01
4.698528009379355900e-04
4.629082294960000787e-01
7.634459076914931197e-01
6.155272421219712964e-01
9.997703720593612564e-01
9.905584246689841388e-01
9.657115997710939981e-01
8.532846863855267916e-01
7.833910193310814618e-01
5.232277205243363039e-01
4.127539831778699320e-01
2.062493045371595057e-01
1.002530467774323037e-19
0.000000000000000000e+00
1.255468888861604397e-07
3.241207099118956769e-01
3.693260182856607510e-01
1.650090347291701398e-01
4.454338397624008627e-01
7.704445041328210619e-01
4.165559685587491567e-01
4.158128182236065506e-01
3.574873898760945190e-01
2.662044410935540117e-01
7.475500688190428455e-01
1.258882315553679354e-01
3.646089348368509730e-01
1.646344542784294318e-01
2.941474314590495909e-01
6.977618740861477598e-01
5.468537247336248130e-01
1.763584142852301639e-01
5.810173539126892508e-03
8.001383007089075787e-04
2.447485572724203569e-04
3.843822776327104340e-01
1.375069699435469972e-01
1.406366807463991326e-03
1.037620558768410223e-02
2.374490003139754501e-01
1.245181124824151775e-01
1.422069360096650179e-02
1.807281437180796937e-02
3.419632950176816344e-01
7.133443064064887151e-01
3.021079125839862822e-01
8.575377205901355548e-01
9.985420474556842008e-01
9.999555244263751419e-01
9.999436726366818240e-01
9.999157028025995597e-01
9.999159791826173205e-01
9.999287553899822711e-01
9.867497361778203580e-01
9.642968882761998595e-01
6.173375127373886828e-01
9.809633454036728040e-01
9.917231275048264960e-01
9.999978265444919856e-01
6.182692141380412565e-01
7.296986241868528289e-01
9.029719477269406713e-01
8.927093249745448045e-01
5.952066006653414787e-01
5.339581326635594039e-01
6.059143149703434261e-01
5.469847200877724358e-01
4.005039418879304813e-01
4.857032164844186700e-05
1.479149206777147507e-01
9.409961724983321747e-04
3.210521539880751285e-01
6.562310051445358408e-03
6.887531148159303784e-01
5.770303039969976178e-01
6.807730816694655962e-01
9.993780421453692941e-01
9.922062272171684461e-01
5.190822977609609312e-01
5.330084926783337229e-01
9.228578591424827504e-01
6.167239328557118094e-01
9.767932108247040501e-01
6.830135395592438208e-01
9.076876526035709825e-01
6.813688958958066255e-01
7.858290406749143253e-01
4.981156168739347967e-01
6.844147911693539976e-01
2.098389544072068111e-02
1.118677248216180461e-02
4.534613022618214084e-01
1.162844566642517313e-02
5.587271791591990056e-01
9.192540934023160082e-01
9.407315439636668719e-01
9.852166887542693763e-01
6.486998166734613269e-01
5.172759823937636003e-01
1.203450628768089753e-01
3.795199221132526668e-02
4.700999868228134537e-01
8.158086905833186742e-02
7.782127974862690367e-01
9.997706274731835707e-01
9.745074629556410573e-01
9.452336985273349645e-01
9.543414794307187865e-01
8.990352079926168249e-01
6.833035337396399234e-01
3.512750332739418280e-01
5.385155775582464166e-01
0.000000000000000000e+00
0.000000000000000000e+00
4.282748063437214961e-07
4.061865332314726351e-01
6.147545320863826573e-02
1.209856278814576969e-01
1.804227995095941672e-01
9.584696301766393312e-01
3.233078447391611876e-01
9.898977050374629938e-01
8.878785281716831124e-01
8.908073676908964122e-01
4.676404091456036194e-01
2.659316169163955523e-01
8.538824010274205234e-01
1.742819777439741924e-01
3.161795984107573787e-01
2.608335021747297811e-01
5.240142937657183975e-01
3.408211519118320432e-01
4.730930731986570104e-01
3.623445445163429035e-01
5.472289936227343610e-01
6.807468435484866076e-02
6.048213970504892362e-04
1.912973368850925601e-03
4.297754289220734152e-03
2.138444129817473893e-02
1.598564601842684951e-01
2.954863274743041446e-02
2.405094507029794521e-02
2.653385668741557735e-02
4.149448465834357780e-01
6.173109046348843054e-02
2.013556996896706808e-01
5.471322402826583886e-01
8.512879023513674204e-01
9.687382678061572383e-01
8.864776377593908130e-01
9.995089631606715042e-01
6.860094839243695564e-01
9.999996864661202522e-01
9.732530834465924485e-01
9.380760736087785379e-01
6.843994849133471225e-01
9.734502031107341580e-01
9.943183403943779419e-01
7.226906837742852474e-01
5.222478791829686662e-01
9.969796579972749484e-01
7.416537489042236420e-01
4.164938509442922543e-01
6.397510784185259647e-01
5.807906340773988374e-01
8.989164646595999841e-03
3.622796780740140665e-01
3.631308903083100836e-01
2.767554582810539676e-01
1.033556657999354887e-02
8.399043475423875749e-03
5.158243797196920832e-02
2.161149255932223456e-01
8.075759007113404719e-02
9.879068613551261757e-01
7.989784490603243361e-01
8.587951149364764225e-01
8.820366435822282192e-01
8.082085236793309369e-01
4.259608363076223814e-01
4.206496977208171173e-01
8.973734773949366694e-01
6.385194319047536871e-01
9.965344794236742354e-01
9.858442904692953368e-01
6.997011840378567493e-01
8.302359113457877804e-01
8.104432312517299009e-01
3.104649210604863985e-01
6.809970518931783845e-01
4.606943559178893755e-01
6.370029890161028607e-01
1.779848232039961051e-02
7.730399603232416261e-01
9.055480080481097538e-01
9.524220333686470585e-01
9.974361823973549868e-01
9.958748272242445854e-01
4.821326941869630844e-01
3.701744266053486054e-01
5.082527307239721459e-01
2.548686110476744981e-01
6.464976360738791117e-01
9.656416899477107130e-01
9.995813865559743938e-01
9.997505299891052966e-01
9.886102076505065561e-01
9.297918795757610377e-01
4.504183978944302780e-01
3.637846351750447793e-01
0.000000000000000000e+00
1.879871719302353694e-01
4.821541520954710780e-01
0.000000000000000000e+00
2.166696491038308803e-01
4.860302216556676158e-01
6.874503153298121283e-02
2.814296482667487109e-01
2.203788630699546613e-01
3.360366470675555384e-01
2.961849477999297098e-01
3.393635629111544927e-01
5.532664312097030912e-01
8.381711578349831937e-01
3.963700893061345987e-01
8.311328510391834401e-01
4.051066401476987044e-01
2.928552941044274549e-01
5.436350922886180603e-01
9.485576070186274578e-01
5.868391429534485226e-01
1.361783129534860359e-01
4.755723480607090131e-02
2.883973975615243268e-01
2.231122083756564498e-03
1.886305035160911470e-01
8.253389187629252277e-02
5.584840536564085189e-01
5.780025804703566861e-01
6.301158162094339099e-02
4.045621074712265619e-01
2.656607854084209186e-01
4.751023560470455515e-02
4.562688369365432151e-02
9.163415406301683719e-02
4.034107582272518366e-02
2.160376718303954058e-01
1.621164006043075700e-02
8.069156838489046635e-01
8.495657183666667223e-01
8.462240859524551295e-01
5.534131414981297015e-01
9.985337865477347252e-01
5.730662707429399205e-01
9.800726751848898299e-01
4.424370914919939501e-01
9.096002421638700319e-01
7.773545126403671457e-01
1.000000000000000000e+00
1.000000000000000000e+00
1.000000000000000000e+00
9.999885022573725690e-01
4.415422367240315338e-01
2.240696542318224016e-01
4.339497277084419791e-01
5.207219218386965887e-01
4.067189673734574774e-03
6.350488673172182130e-01
6.659215212147154839e-01
2.695285196263945138e-01
2.553073618151219804e-01
1.296568807920699951e-01
0.000000000000000000e+00
4.973026694091665229e-02
4.375153564337238565e-01
9.331522475808986528e-01
9.704010017660668064e-01
9.447193055108330517e-01
7.368033697866225307e-01
2.958112871605680927e-02
4.539287328632850005e-01
3.611075438048674813e-01
7.547402920500927426e-01
4.879259312677260430e-01
9.715879483656520987e-01
1.498500474444522113e-01
4.912002253724591649e-01
7.054554080788676407e-01
9.965580347816034301e-01
9.612868204537147188e-01
8.191484164792096900e-02
3.702958232747680101e-01
1.021507616074353725e-01
6.831304817682327946e-02
4.244259650225927771e-01
7.180907999826555699e-01
9.947101925886657758e-01
9.994833074445507171e-01
9.992297331874246957e-01
6.561574897245726623e-01
9.032607622246083823e-01
6.025809203000170866e-01
9.261827755014995223e-01
6.312408956943496019e-01
9.946597476494820622e-01
9.999170243692235838e-01
9.999368236026701107e-01
9.888337618728169076e-01
8.966741270894441618e-01
6.534913867679831290e-01
1.413988398366355925e-01
3.485602124510845945e-01
5.196582421218183256e-01
1.198376782831295922e-01
1.680031949159218602e-07
1.861096839670403624e-01
1.077235354353552610e-01
6.066542705178532557e-01
6.338525031656625508e-01
2.956534814989109639e-01
6.229940973991610065e-01
3.045767572592787409e-01
2.958350694701241124e-01
3.979602372164174895e-01
6.102842909451638986e-01
3.999863094513385064e-01
4.128236390231475594e-01
6.333172942276724671e-01
9.974672033992748599e-01
7.077608046782647433e-01
5.744827989100694809e-01
7.980336092247349855e-01
5.752844036748830936e-01
3.803052353489626003e-01
2.123199334070059469e-03
5.171563172962544419e-01
1.024835762433156522e-01
1.301741994609042774e-01
3.749045760981701836e-01
5.157137083651773812e-01
2.537291487995212980e-01
2.852431686920045006e-01
8.722819440477158626e-02
4.455814760774659544e-01
3.144327726398268297e-01
1.181185028160080530e-01
4.563686780547678290e-01
3.555025009339708719e-02
1.668088026190788983e-02
8.366255576294296947e-01
4.905643826292597209e-01
3.115027690492097601e-01
6.968652412572010624e-01
6.113765152606202014e-01
9.521858995414990146e-01
7.019883407986013957e-01
6.366248624457526706e-01
4.572814085432510556e-01
7.323757440358529269e-01
1.000000000000000000e+00
6.750541966726998355e-01
1.000000000000000000e+00
9.785223748419558110e-01
8.308469281989525612e-01
1.431522019249025224e-01
2.348697507589771194e-01
6.284221346674090380e-01
6.760546919354443185e-01
8.373129977558089188e-01
7.317381256580067772e-01
7.706191060093687817e-01
6.495350406570055135e-01
2.322614719920508830e-01
2.929114100387283370e-01
4.018081710997182393e-02
7.637783628578027617e-01
8.450980601714702667e-01
7.384612327723932834e-01
2.251547582825333682e-01
2.992782900160414483e-01
4.018660007535954462e-05
5.030618677047085097e-01
8.349226076925866241e-03
2.067036093271375496e-01
2.083048144241034794e-01
4.297815443541011526e-01
5.527298116935839278e-01
7.179883580808102961e-01
3.989539266016379759e-01
5.227652869350349896e-01
9.880564015305018932e-01
9.061400244279314842e-02
5.999752710416578205e-01
6.300324015115489340e-01
6.405443142884154062e-01
7.681831917261173759e-01
9.875358305441357398e-01
8.074355031088025214e-01
9.999224300716154090e-01
9.999999753766333210e-01
9.997258433348737983e-01
5.241370913271313769e-01
9.606328448563535849e-01
9.358497009297159774e-01
9.178066116943099928e-01
9.998735673897430898e-01
9.999984547080588149e-01
1.000000000000000000e+00
9.874497438568332619e-01
8.700776593090711053e-01
3.020145289752305118e-01
3.263272564625732119e-01
3.234001385387789695e-01
5.967441003993204651e-01
1.071013658867206314e-01
2.758975824928329157e-01
1.630812604144129818e-01
2.524188358173596325e-01
3.358380143603345025e-01
3.829638769407789356e-01
4.329964873118681834e-01
3.471401488005915748e-01
9.646906183220811393e-01
9.254245802529017517e-01
3.621297658041834899e-01
3.487035722542741190e-01
5.795334138970306137e-01
9.850854354005661451e-01
7.369207678892570890e-01
9.995735395248851463e-01
3.076684664615997322e-01
5.436941236019297019e-01
1.854559599183374929e-01
6.594367010217617731e-01
4.064404481032325434e-01
1.995419352600564522e-01
7.965656855606535469e-01
8.378233106413663922e-01
8.867481662921553598e-01
9.999315615892560016e-01
9.940811702627263546e-01
6.442451486839030350e-01
2.492049214582714167e-01
1.792463963716373621e-01
4.104352531204321086e-01
4.570432665387587079e-01
7.804544364854378025e-02
5.458332960907125164e-01
3.916760592076308223e-01
0.000000000000000000e+00
4.816203163664580789e-01
5.172671191616315944e-01
1.031435537150914156e-01
3.209817603528160035e-01
8.086039597467390427e-01
3.021505454362291010e-01
7.535674777178417161e-01
2.319862155448738361e-01
9.937134185702362066e-01
9.993471317309065016e-01
1.000000000000000000e+00
1.000000000000000000e+00
8.930635437644072194e-01
9.650385940641690308e-01
7.270899335656683116e-01
2.068099646440139106e-01
6.424254262421810191e-01
8.073430988627463556e-01
8.551501633127184254e-01
9.696748654316540428e-01
9.751985425948446196e-01
5.153772562422818115e-01
8.255410202367590156e-01
2.549076244764625354e-01
2.358842713767184823e-02
4.994286461540777267e-01
4.608288540928279220e-01
2.385020342252474057e-01
8.244917935027245015e-01
1.785808033974179213e-02
3.182533838924877373e-02
3.675327661406346813e-01
1.356541722851083431e-01
1.775879927104522318e-02
6.548043238017254852e-01
7.586890662622778336e-01
4.906253382274409214e-01
3.696830456367841133e-01
8.229401486849862168e-01
7.666033268809108181e-01
8.733797521552076892e-01
9.889875834869988891e-01
4.125615419401666428e-01
1.994702203854822609e-01
7.275877946705565646e-01
3.056035766577883117e-01
6.819250106911669551e-01
9.994150157173399274e-01
9.999619732736978461e-01
1.000000000000000000e+00
9.999999978733236095e-01
9.999999448902090471e-01
9.998487867078479363e-01
9.950873148311270011e-01
9.904843806823392383e-01
9.921629879220960069e-01
9.989466057336028326e-01
1.000000000000000000e+00
1.000000000000000000e+00
9.808010798830466559e-01
7.955390006918681145e-01
2.045795969006263537e-01
8.014624137311564603e-03
8.408491719809866316e-01
2.450294138931300991e-01
1.273996920443767611e-01
1.459830403173169311e-01
3.288625318793708674e-01
3.585241598753921011e-01
4.378392153799775532e-01
6.053210756867647424e-01
4.281435740503879983e-01
8.394547269562572245e-01
7.637746661826461114e-01
4.588943188561317998e-01
1.155698885361644834e-01
1.261969633438716210e-01
2.464647330567403261e-01
8.218047897180381645e-01
1.892117481556877812e-01
4.586463872039373002e-01
9.266225217050564344e-01
1.022388550525961670e-01
4.437629066421643342e-01
1.106264828482812490e-01
3.729067580744397925e-01
4.333852271855741511e-01
3.579362623309790270e-01
9.748201509923001273e-01
5.439269833666756648e-01
7.350231798037824005e-01
8.047537703958173028e-01
6.177113767559310187e-01
3.952895579934604386e-01
7.606431590469389104e-01
2.342908085721338574e-01
4.178768648700511568e-01
8.566757016438740491e-02
6.205937331675215329e-02
4.331980996500512937e-01
0.000000000000000000e+00
1.989335189652611524e-01
5.191257678400102707e-04
5.897271698821455283e-04
4.092878245583040919e-01
1.514026305286778618e-01
3.872341092599838608e-01
1.765561730085015713e-01
1.763913811402173237e-01
6.455457112634199746e-01
9.996970331247827524e-01
9.886500408306598819e-01
9.300092692869139643e-01
9.894401249745941040e-01
9.390131802256811433e-01
8.064863833129896076e-01
5.435257398001721585e-01
7.615741288465082137e-01
9.148635353827552219e-01
9.920210709221628509e-01
9.980608645764651454e-01
9.971574925885621221e-01
5.484294008341287219e-01
7.612601163360944723e-01
7.797452550794421455e-01
8.514880172259591262e-01
6.332276164418939590e-01
7.843519198151416294e-01
7.111699813025392780e-01
7.574661572309586699e-01
2.224536465581172795e-01
1.281646876729444218e-01
3.335980935401809721e-04
7.118028132271066177e-02
4.960010893347752137e-01
6.611181151195841821e-01
5.370214839649160021e-01
2.841477720501906501e-01
3.252725971262571680e-01
2.197109976075925508e-01
9.952446777487753415e-01
4.396947105261884703e-01
7.770982367930779899e-01
8.226035578690494843e-01
6.218954899516407897e-01
1.429697797823770988e-01
6.491631261957817589e-01
6.932219042832706846e-01
9.901225723096759301e-01
8.967270095709111155e-01
8.201584525174091533e-01
9.973792811227837340e-01
8.196442886498735980e-01
9.929446276448318232e-01
9.909494358634034494e-01
9.893858360989269407e-01
9.912161522737553687e-01
9.973728297009930577e-01
1.000000000000000000e+00
7.819649117544097416e-01
8.063006950166528020e-01
6.400916975572907841e-01
3.772575113925372148e-01
5.485644315173897612e-01
4.402069100692051346e-02
5.458499841912066719e-01
2.413029677594581146e-01
7.630310567370782726e-01
8.764817855517003098e-01
4.408038080087252064e-01
8.840647609126819351e-01
1.000000000000000000e+00
9.336769403955079705e-01
2.808310075576544995e-01
3.370509037697809185e-01
8.422195410522821668e-02
4.267091345752373199e-02
6.228842461596510727e-02
5.954333137357074035e-01
3.798331250526233716e-02
2.086553973125594708e-01
2.303914388518004536e-02
3.544925486559170058e-01
1.440691626764214984e-03
4.711966054733859322e-01
5.368653632320304903e-01
6.292814725512593799e-02
8.057856134218889244e-01
2.787613920040113435e-01
6.866920952002609768e-01
7.840142405626613353e-01
9.309814138253134086e-01
8.727179080937894629e-01
1.000000000000000000e+00
1.000000000000000000e+00
9.997983462020884060e-01
4.186092191491365688e-01
1.872361286951318982e-01
4.424403449498615637e-01
4.050298674765560603e-01
4.567262622512848619e-02
6.091969506980678961e-01
3.178153074197845318e-01
0.000000000000000000e+00
0.000000000000000000e+00
7.994400189169728090e-04
5.895740491260322846e-01
8.650115695895810308e-02
2.533635399984957570e-01
9.125963707574293871e-01
8.880598149477265668e-01
9.048396051713417654e-01
9.478999545679451799e-01
9.500568271555205335e-01
9.679576641037244134e-01
9.202026596831517358e-01
5.042324363331415205e-01
3.349047316738523045e-02
3.232382174445416062e-02
3.503550833114413843e-01
9.468841933540045330e-01
9.769975410071174426e-01
9.999806792512683229e-01
8.324174418176322199e-01
9.451774041846546792e-01
4.723988843736168786e-01
6.307244341304394375e-01
5.330438702269176821e-01
4.085849187059204524e-01
4.540542995456547382e-01
1.675573406643464103e-01
2.321033162180508314e-01
1.326963837256483342e-03
2.495742701871184123e-04
8.280365944196191319e-03
6.227220483850821608e-01
7.212562816871919136e-01
3.357650600572061328e-01
4.845786928997675852e-02
3.310855365748948675e-01
3.057589528222603437e-01
9.959126627820691358e-01
6.807890946461893078e-01
8.797049957353230143e-01
6.712358064587332640e-01
9.316491539310256531e-01
4.040512498482740633e-01
9.860293183102223358e-01
9.976421224568292612e-01
9.820263522983669890e-01
8.623292871571155427e-01
9.454680794730883076e-01
9.889650118056694250e-01
9.841249461274151900e-01
9.851166732513496616e-01
9.877551694092815415e-01
9.890287574743497068e-01
9.914541116469881565e-01
9.977219332056900258e-01
1.000000000000000000e+00
1.000000000000000000e+00
6.275976653792230131e-01
5.114196312591287041e-01
4.169335245159138115e-01
4.158671470623326871e-01
4.084937474221029922e-03
8.025250285542468998e-01
1.352635501396277640e-01
8.283256259157988355e-01
9.699848060086653234e-01
9.281982961027532841e-01
9.992991135793467539e-01
9.743780269822829299e-01
9.852241334441500520e-01
9.245919045405344150e-01
4.894982834736952837e-01
3.378637067331501098e-02
3.929097008335800112e-01
2.641331050017806537e-03
4.845805968806072839e-01
4.531198381549086940e-01
2.051375129200866832e-03
9.185333221713451457e-02
1.461418096894332996e-01
2.262851028522843669e-04
4.129009734477661620e-01
5.923703197999199976e-02
4.183830863197975092e-02
2.753936100725809522e-01
2.288732353145842557e-01
9.804754326603696279e-01
9.570448776774179711e-01
1.000000000000000000e+00
9.999999973294967370e-01
9.430468430913204747e-01
9.932192735858991206e-01
3.982444804165185537e-01
5.262011838768335670e-01
9.948441756783195089e-01
2.349868621312188599e-01
9.802652987244080407e-01
3.027571069078422439e-01
3.178994840651537812e-01
2.616151926659592854e-04
2.202271899077104245e-01
4.102217456096056702e-01
0.000000000000000000e+00
2.958874571788327676e-02
6.624059140392334344e-01
7.416926286068332708e-01
3.790768779456352155e-01
5.044470035215238291e-01
9.863168125141966724e-01
6.596861088042011989e-01
7.052777517977032451e-01
8.968328591671682615e-01
3.519044788592465278e-01
1.326837000830936308e-01
6.973655950622599242e-01
1.243705017892300299e-02
6.757037781060499793e-01
4.853186642604386813e-01
7.338699136869145656e-01
9.066983980959738565e-01
8.151615604194483167e-01
5.027160544169692047e-01
8.444004965898758153e-01
8.746273767583734315e-01
8.414254389749555862e-01
7.906201053101588050e-01
5.233132250497082305e-01
4.798371145017550909e-01
2.780983895137641437e-01
1.872401160739008358e-03
3.482822703178018852e-04
6.345482214421289957e-02
2.266370770422789227e-01
6.566268830424321079e-01
4.738835465396080138e-01
3.409747551763194218e-01
7.618552022391800183e-02
6.970142303006712226e-01
9.657164427410052099e-01
7.396783612314890011e-01
8.790979017103593973e-01
9.958074879359726239e-01
9.091620915753925170e-01
6.398077598710585345e-01
9.737999245614666899e-01
9.993621512535174611e-01
9.998829202548749073e-01
9.996966253037565808e-01
8.897087775328428316e-01
9.739711813354090530e-01
6.569422425435107460e-01
9.681492099790607320e-01
9.807984782000755963e-01
9.888960086215139444e-01
9.901391422505171347e-01
1.000000000000000000e+00
1.000000000000000000e+00
8.145411658485784967e-01
7.921407689392483131e-02
4.238550019128413046e-03
6.471342506020993923e-01
7.045462325442370943e-01
6.087659195644163912e-01
9.234212926762137563e-01
3.393154622496411532e-01
9.999906233326714133e-01
6.561584016121906338e-01
7.863362602039190019e-01
8.185456263622249429e-01
9.988872005147745314e-01
9.880470950532460606e-01
6.781292237872585948e-01
7.324815431684883471e-01
1.467345720533571873e-01
1.390417072000492589e-02
1.218823223244750115e-03
1.323436908784877963e-03
2.311178976963364218e-01
1.483187245818931577e-02
2.592384955951426904e-05
2.352919450506468779e-02
1.179097248157030403e-01
1.834000388430473893e-04
1.352819577335308103e-02
3.715602472557510416e-01
6.014367345621274286e-01
9.392946829886277271e-01
8.030099024692832765e-01
5.854589690862002094e-01
8.626434847625893410e-01
9.912702307135713431e-01
9.799662129627617624e-01
6.741606674796887244e-01
3.841970264589749662e-01
8.985870679590224341e-01
3.300901340520445149e-01
9.057699738234912257e-01
9.912958062602065246e-01
5.589820617345725440e-01
6.380075245763305869e-01
5.055490380552970803e-04
5.224906324549469794e-01
1.307284517521325410e-04
7.504534208764208625e-01
8.315817124959465900e-01
9.289721277141079758e-01
7.175142531357689979e-01
3.951531275114885666e-01
8.734571334692592393e-01
9.470887861489254433e-01
1.138785363796626371e-01
4.826163985517408772e-01
6.469865610436340564e-01
4.032069609219285367e-02
6.962667660779127236e-03
2.016518921939035661e-03
2.331511898432819113e-03
6.608420815930591587e-03
1.895859379091658081e-01
4.244170452289201534e-01
2.939818217299461703e-02
4.381550609696072129e-02
7.937216339591689485e-01
9.040689840304962921e-01
2.564854063765435455e-01
7.995274591707645095e-01
8.941383710925244754e-01
8.675363009401211301e-01
3.700376614327813979e-02
3.551013540310255512e-01
7.690412444877782819e-03
1.456462569241458449e-01
9.113091534976166044e-03
2.705926651414592918e-02
7.843622251185443373e-02
6.379034830974857906e-01
4.707767345325410968e-01
9.838833345478126269e-02
8.646169526682238038e-01
9.922418642877220973e-01
9.996899652786195301e-01
9.993636042675525522e-01
9.943109959825399136e-01
9.894296102835981044e-01
9.932126297050534180e-01
9.984478213910943367e-01
9.997053114844232091e-01
9.998741059113396279e-01
9.984431755973693923e-01
9.767281657314919041e-01
8.594280342059168465e-01
8.621629942417065040e-01
3.271135320121811851e-01
8.839903722203212855e-01
9.309584819895322383e-01
9.608575463556064955e-01
9.996846445233803502e-01
6.975432531481690068e-01
4.910438664893141403e-01
7.750283454793498450e-01
2.040755324448103869e-01
5.439606432072930861e-03
7.006616666455400821e-01
5.829229543251148726e-01
8.593182113698811797e-01
8.522886609908725264e-01
6.388536222852622126e-01
1.000000000000000000e+00
1.000000000000000000e+00
7.266882560552226922e-01
7.965595589426327505e-01
9.929725000043105876e-01
9.806958370991867291e-01
9.410268879076395532e-01
7.938170409138933792e-01
8.340727664471900282e-03
4.800517830176464495e-01
3.416450647941633744e-04
1.246649927587576312e-04
2.086253350282647157e-05
5.931143728115913145e-06
6.429106753320802670e-02
1.176249333160859936e-04
1.069907747737977727e-01
1.282635076841536215e-01
6.102989204378224120e-01
3.028635336297361147e-02
9.387226003816510067e-01
5.697765047039021757e-01
9.840661108963378867e-01
5.171510167831213645e-01
7.418852281680126115e-01
8.868064033618830999e-01
5.026618042485341276e-01
6.785006069025739661e-01
8.961312988355016884e-01
3.578341485317715343e-01
8.767801912044073109e-01
7.045724510418225339e-01
8.995219505172665775e-01
9.502956484544807791e-01
5.628249939563495507e-01
6.891357980494239310e-01
2.072507496553451511e-01
6.606940144715449659e-01
7.622413914548170633e-01
7.148365689519949884e-01
3.531715971266138898e-01
8.366771199934802672e-02
7.151916778705788014e-01
3.000202277266920126e-01
6.736812046329306858e-01
2.799884945154936244e-01
2.452278951822821629e-01
3.458845864050624219e-01
4.099824159416428637e-01
7.505736057987232902e-04
3.718677979308485648e-01
4.939927695965319653e-04
1.608160283244479058e-03
4.769077438531583724e-01
1.561200490599364346e-02
7.033513744053013217e-02
1.080477272463616217e-01
7.729374866249283382e-01
9.425615630291970248e-01
3.350099037294471671e-01
8.989025986993864903e-01
2.980706790125167149e-01
7.551485289629079611e-01
3.669962356612719440e-02
3.622606968427317664e-01
4.120832225445485442e-01
4.734051875896712613e-01
2.879359022984337435e-02
1.048840766422863696e-01
4.447702556891740544e-01
6.429348322907803004e-01
1.443425982533613205e-01
2.814185861205654171e-01
5.560104964047956067e-01
9.804288507925081886e-01
9.019752035259497314e-01
7.777437985584803037e-01
9.717253230322503432e-01
9.887647737715198337e-01
9.973082251202293191e-01
8.203457865701134777e-01
9.998855821582091075e-01
9.984047034882155280e-01
5.799176230070921534e-01
2.172566528645851203e-01
4.018535290281155525e-01
6.084194392189443690e-01
6.678140849083129549e-01
5.510460637094802827e-01
8.892954260020721202e-01
9.933062534862905357e-01
5.241105996677103418e-01
5.112376834145354598e-01
6.949277623423596451e-01
6.420990897966566413e-02
2.849317605096466366e-01
4.223082784306179671e-01
6.748583730623788357e-01
9.998175652112961664e-01
1.000000000000000000e+00
1.000000000000000000e+00
1.000000000000000000e+00
1.000000000000000000e+00
9.999629924518466106e-01
9.943887663258392795e-01
9.973125008942929082e-01
8.403918244324628528e-01
9.809362905974738922e-01
9.416059510165822877e-01
4.113581239105710274e-01
6.527283480111414904e-02
3.831096566163125772e-01
2.124458683615313703e-01
1.636724431913967500e-05
1.576180770613782364e-03
1.401247580256391734e-01
7.563321364529781163e-04
1.063940950542717478e-01
5.436694151796701568e-01
1.097852493641201903e-02
3.346408849592801826e-01
4.261019850570622047e-01
3.781931844699503720e-01
4.086936815397992917e-01
2.062698444708588874e-01
2.712390701989843000e-01
3.786630643157640197e-01
7.585906253840856150e-01
8.293472615037984497e-01
1.298672025968979626e-01
4.071458942345089205e-01
7.562557823696895998e-01
9.970395170142121177e-01
8.516231737878793284e-01
9.997331813425995861e-01
6.178541476329214577e-01
4.490409024639473445e-01
5.074423092503846933e-01
1.436079614246433267e-01
5.053939978943552402e-01
2.182632181648287151e-01
6.288426951154398870e-01
1.525915347451147486e-01
5.262333630846501853e-01
5.496905789667361208e-01
1.458303360308190744e-01
3.864322930093707642e-01
3.286588802065138482e-01
2.884856548789282993e-01
2.424620716556082078e-01
1.762629938024750376e-01
1.183285994542427510e-04
1.136890299193231787e-04
2.222969576536632241e-01
1.489965140209097670e-02
3.767192847418191493e-01
5.344925194769122728e-02
6.975198215194278184e-01
7.701314741012966758e-01
8.879760624859492912e-01
8.442470547605802622e-01
8.204311487044697593e-01
8.370822996437072838e-01
2.675092675718329649e-01
6.658066628153619382e-02
6.359638236595221983e-02
4.302682898749578266e-02
1.730437775749162632e-01
7.159219180912687608e-02
1.385521705049257146e-01
9.164919231419343948e-01
6.547745088857712670e-01
3.838384052421031645e-01
3.325334106998293904e-01
4.889305036848100583e-01
9.938379192225897940e-01
5.573258435309516035e-01
8.132345354764614065e-01
9.213523839963891904e-01
9.781068921879145783e-01
9.937659400624248018e-01
9.998848089596520383e-01
9.999228985987460572e-01
5.718927973817784505e-01
9.701812231998230285e-01
3.896881356903269533e-01
4.520057502180349629e-01
2.647795236685088760e-01
7.409147929360856422e-01
3.851722317921733862e-02
5.912485164286792605e-01
2.471562264089232630e-01
3.660735962033218049e-01
5.477956600543396615e-01
5.239996981410818266e-01
6.883523077836596615e-02
6.298140936101191967e-01
7.811142247153657348e-01
9.999999622746102990e-01
8.471768582851965101e-01
1.000000000000000000e+00
1.000000000000000000e+00
8.753448948853806977e-01
9.238177162059618697e-01
9.998226760286023085e-01
7.264444651385578711e-01
9.962096189425604376e-01
9.934861033458251001e-01
9.919655766805403063e-01
7.724956828223407124e-01
4.170528388169807421e-01
1.774897244186669906e-03
7.086400356632341913e-01
1.752292478552515653e-11
0.000000000000000000e+00
1.299160481910822083e-02
3.171672161564467185e-01
5.401655035208022815e-01
4.909750351218729603e-01
6.922638081709751035e-01
5.112348031975603169e-01
6.664371795016766908e-01
8.176519993186673885e-01
9.396043905278037567e-01
4.761440615310132962e-01
4.755194968216454598e-01
3.522995089385819178e-01
3.980310292967580987e-01
4.051993877733208183e-01
6.854675516092911813e-02
3.089901923832263364e-01
8.021409286129445315e-02
6.118206460457015217e-01
3.885747705009213737e-01
6.322662534095097042e-01
1.000000000000000000e+00
5.209655423992816115e-01
3.460708891179936075e-01
4.534213637805250552e-01
5.576571710083978450e-01
2.223083764317140554e-01
9.811568157484866770e-01
5.674019805564837204e-01
1.958685931329398056e-01
5.874795996024442246e-01
4.021148205098593054e-03
1.694266637932480835e-01
1.535528918029820805e-02
0.000000000000000000e+00
5.116072756370263486e-01
4.150821344171952236e-05
8.631015684263355849e-05
4.927925079501525553e-05
6.519861260781695397e-05
9.738484982525037401e-03
8.284397782794959697e-03
1.811242774418489465e-01
7.059726641931012014e-02
1.447799752607382695e-01
5.201086266786746348e-01
3.258453381061648946e-01
7.049027854172756902e-01
4.499751832537653984e-01
2.268136840012189848e-01
9.473877193665021235e-01
2.501442597923478894e-01
6.276028990178991185e-01
1.917628978693748931e-01
1.757136712174020565e-01
4.039862157332407833e-01
2.572351231777189606e-01
5.998217448228249093e-01
4.398533570582087160e-01
9.776186845276059190e-01
3.509838871205437361e-01
7.943994548450818982e-01
5.666874374195981501e-01
8.738812113948890570e-01
1.539848018143955000e-01
7.492458934585645158e-01
9.617713942420487161e-01
9.917442015956201562e-01
9.171273395388850336e-01
1.000000000000000000e+00
9.986023319630309425e-01
9.837286006486685164e-01
6.802315126519018484e-01
7.146720897938432238e-01
1.243251215276769961e-01
5.427010772591785992e-01
4.030986291516815319e-03
6.371177580443365684e-01
1.805553540996267248e-01
9.002740707714778079e-01
4.268156733982841344e-01
1.062608014344010310e-01
3.229880607642196533e-01
2.750058602750842240e-01
7.722029694100885910e-01
8.721389176312840386e-01
9.682536348349206623e-01
1.000000000000000000e+00
1.000000000000000000e+00
1.000000000000000000e+00
1.000000000000000000e+00
9.293759850161494862e-01
7.573816785602094370e-01
6.702299117516111737e-01
6.358155082963486970e-01
7.227640327364955875e-01
9.397869479710290186e-01
2.821375568722465643e-01
6.116854982955807069e-02
4.095688162081571881e-02
1.433609083773925742e-02
4.232192489681858572e-01
2.948763624706426251e-02
1.682853595333376473e-01
7.928739327014779903e-01
7.119192679068730989e-01
7.503235806223169657e-01
9.573067290597231382e-01
9.511117293962307873e-01
6.283377845640207848e-01
7.439613727387609510e-01
7.332044414647551633e-01
7.622278310619785557e-01
5.721392150526833920e-01
0.000000000000000000e+00
1.749850677191581366e-08
2.249776133413491398e-03
5.611165905913039209e-01
6.649064209620636490e-01
8.171291411460719356e-01
8.454913448965861722e-01
7.417303139780622168e-01
1.000000000000000000e+00
4.628786282331726065e-01
1.000000000000000000e+00
3.871807342190685119e-01
9.954070660745065746e-01
2.720440939974856365e-01
6.320858212610004356e-01
6.758608439487295838e-02
1.899414094765084632e-02
4.060104697067491025e-02
0.000000000000000000e+00
3.626585749153560192e-19
7.612345144307533507e-02
3.288372535200301261e-01
0.000000000000000000e+00
2.753435338697355905e-01
2.062038479001374825e-05
3.663992801808317552e-05
2.262191855527317594e-02
1.373063886814773196e-03
1.729740706736302910e-02
5.114513344346301171e-02
1.090168142524957917e-01
6.883708745221712721e-01
4.051460118990411474e-01
1.390057931337980446e-01
4.801208041693590944e-01
8.155569770851492928e-01
7.667818824079978279e-01
6.937034072310825916e-01
5.718896249361903328e-01
9.256220241319080833e-01
6.579920937393978209e-01
4.262137388946586336e-01
5.827904182985312875e-01
8.197938442503112100e-01
8.351719381487748839e-01
6.303101427937404244e-01
4.412910579428611646e-01
3.698773177461017747e-01
7.227072488768313541e-01
2.024289415056590158e-01
6.656582033555128453e-01
1.516005218703347229e-02
3.123120113066454318e-01
9.066186655014489837e-01
9.921174173089217785e-01
9.999991533863432647e-01
9.091734852399789846e-01
5.965252864258505650e-01
9.891605976912665188e-01
2.899534520026202933e-01
9.003018090913499361e-01
5.286950052030009450e-02
6.807390246140524459e-01
4.457661001938129086e-01
4.230832325264985982e-01
5.947947936119035717e-01
6.906103920662215456e-01
5.584761148563293087e-01
8.278128487659747181e-02
3.815358942851675844e-02
6.246921637362449209e-01
5.155976482296329433e-01
1.000000000000000000e+00
1.000000000000000000e+00
1.000000000000000000e+00
1.000000000000000000e+00
1.000000000000000000e+00
7.758059428781600708e-01
6.707221458047004647e-01
1.974310949204314269e-01
4.662012900040620744e-01
8.865482569966641746e-01
8.825301703024825972e-01
4.138676226260878388e-01
7.869293318033049323e-01
6.619764468638036359e-01
7.194650073227597531e-01
6.212915823991204123e-01
6.773420165058126052e-01
7.111449599785718556e-01
5.813231556807413325e-01
7.914148856585363490e-01
9.976188686282668749e-01
6.680956436669597265e-01
3.436335379020948322e-01
4.116460781341781394e-01
8.912954739750719169e-01
8.615351687317849283e-01
9.748539855513337349e-01
6.058690989776313041e-01
3.824890402331039829e-01
3.779110877063708851e-01
2.463706727853018363e-01
1.545358493033016254e-03
2.719422745905223510e-02
3.237401677167826008e-01
5.917256279579595768e-01
7.034834851427559377e-01
6.300404855849326413e-01
9.765813166101225962e-01
8.051561009331745788e-01
7.257736378288306422e-01
6.111603046420153174e-01
9.963634760413978553e-01
1.909027940686237879e-01
1.164150004128884364e-01
4.186702166558917831e-02
1.817028172631271823e-02
1.855778332233989358e-01
8.999340203591393861e-02
3.066642637196283325e-04
1.031873811282560255e-01
5.778719890866863709e-05
2.895114788266949790e-01
3.822024360110532482e-01
4.094411970635150681e-05
6.936946509624858901e-05
1.371029069053726884e-03
1.128141955598343897e-02
3.984829534609289625e-02
4.851397066062467789e-01
4.281475381197132890e-01
1.818687849988089300e-01
6.182300287340586342e-01
1.015768090364253945e-01
3.305147560285395802e-01
3.137214630595910880e-01
3.594232867876669957e-01
6.874196643692768172e-01
4.810522659985194682e-01
4.755521307815824272e-01
6.132996204634544313e-01
5.654831821555007521e-01
9.882885450599612209e-01
9.991711121672302021e-01
9.998318702112818368e-01
9.994279487819202057e-01
9.316914218684895221e-01
1.000000000000000000e+00
7.537648111984717181e-01
1.601395203892043706e-01
6.131769446326809092e-01
7.587820055148277731e-01
8.066594298055245194e-01
2.592119666166529668e-01
8.470148350012954852e-01
9.319628225459815063e-01
1.000000000000000000e+00
6.589936490194379104e-01
9.546007981293761491e-01
9.780484603356117690e-01
9.658645399662444397e-01
2.544945977506398727e-01
6.725144464780757891e-02
4.430026511174828818e-01
3.225888392453828968e-01
4.527584079221406155e-01
7.505950884082635000e-01
5.532681121776966693e-01
4.628271046897687313e-01
8.399886866725325696e-02
5.378261578064853082e-02
3.828999830427100570e-01
1.000000000000000000e+00
1.000000000000000000e+00
1.000000000000000000e+00
9.999477508422112138e-01
9.899368663967418325e-01
8.288820910790917207e-01
5.864470071181474564e-01
2.992879111048158958e-01
3.863442336545887534e-01
3.963700075062575601e-01
2.191044592721591300e-01
7.845015975417770626e-01
8.192710255639533701e-01
7.714697809810548979e-01
6.636750607934256418e-01
3.469133263089239638e-01
7.909254344000219428e-01
9.864820515036410997e-01
9.962563303771779788e-01
9.807368744507581892e-01
9.997824235855194974e-01
5.181745913942377157e-01
9.799330807525384879e-01
5.393580148922627604e-01
9.854624532184519392e-01
7.435718116624612239e-01
9.954423253132037575e-01
8.550935268370952747e-01
0.000000000000000000e+00
1.168297282675651444e-01
3.037225290954927437e-01
1.404963999537796604e-01
4.851700385642870872e-01
7.142502172161815377e-01
9.645042966557544339e-01
8.933117395024533502e-01
1.000000000000000000e+00
1.000000000000000000e+00
1.000000000000000000e+00
9.939529974434250237e-01
4.630641631426051230e-01
9.982312992041371125e-01
9.754512104637586001e-01
1.531433220560320663e-01
3.976289924301882328e-01
2.029588448153151273e-02
8.648642760383786973e-03
3.121622573663636602e-01
4.250910400548954526e-01
1.751273176655969988e-01
3.021219243337900373e-01
1.219532261404245640e-03
5.116761333078739338e-04
2.827204425153809764e-01
1.802838473489989371e-03
3.167652356249728296e-01
3.623794848791554724e-02
8.799310167859056286e-02
5.199554430312244291e-01
4.180356054855095538e-01
3.708205198012211601e-01
4.634579065216863358e-01
1.476667810109639212e-01
5.832979241925155545e-02
8.698108117961220742e-01
3.371738353683718659e-01
7.661136049674717174e-01
7.595696074514102225e-01
6.198147481557969574e-01
9.986001650984747124e-01
8.322138286870479629e-01
7.406463623863227541e-01
9.851999392039629821e-01
6.857015358709351860e-01
9.418715148282889027e-01
1.000000000000000000e+00
1.000000000000000000e+00
2.480992958344739874e-01
3.529701470573060051e-01
7.876187388246090881e-01
4.965732081796558339e-01
2.868088572267014566e-02
7.844816163423925515e-01
9.991963608901927030e-01
5.071044315636206168e-01
8.958691339805132658e-01
9.816958839309627427e-01
3.431760442996843463e-01
4.106417353426151662e-01
9.701386957475675032e-01
6.436883104769376418e-01
8.071774259385139372e-02
3.474843715238207925e-02
1.640489947030657203e-01
1.590299409228354277e-01
1.067472656479596244e-01
7.779285279856452684e-01
4.185826433632796606e-01
1.772831082800588320e-02
2.657268020464887970e-01
7.519620701834566212e-01
8.538094578326973494e-01
1.000000000000000000e+00
9.999999999999260591e-01
9.932034583405774386e-01
7.777042389144062096e-01
5.651252059131169764e-02
4.044602837078612595e-03
5.178479447580789513e-02
0.000000000000000000e+00
1.598588412316130081e-01
4.591516168910927953e-01
3.352583192854305394e-01
8.674904077822820359e-01
7.335393374113533538e-01
9.555338245154979537e-01
9.863684345284314814e-01
9.965206543538369655e-01
9.994043846792568520e-01
9.999999889737801739e-01
9.999999992241619395e-01
9.997404762195227779e-01
9.978210507617003566e-01
9.898545644916654229e-01
7.161067702403975943e-01
9.899261987093628257e-01
9.966714117462641687e-01
9.988195460161221062e-01
4.507932379049178206e-01
7.732377493275849334e-01
2.151572166324333679e-02
4.150193394102733024e-04
2.575830657754484831e-01
4.645967092277665245e-01
2.335512356673341006e-01
5.414455980573255056e-01
8.439215558580701604e-01
4.258917896187744412e-01
8.853639464156823902e-01
7.452964513073380148e-01
8.982130048996898042e-01
8.036753550251394262e-01
8.434567274916070501e-01
9.862234716384085109e-01
1.788862320468636857e-01
7.830599029892869323e-02
6.008491242314062397e-01
4.815073960466192959e-01
3.301280064841148609e-02
3.557964974381760959e-01
4.621546237922022904e-01
2.192216579825031209e-01
4.233244712371438956e-01
4.001228120729359850e-01
7.277564363599699215e-02
4.332881036661725971e-02
1.461572757499514097e-01
3.753674183988497948e-01
3.791796013035748092e-01
3.444127958586151728e-01
8.652852878142412718e-02
1.118020931278320973e-01
3.123976751678091829e-02
4.130681167718427971e-02
2.696373277128903678e-02
1.802334535748785216e-01
4.644071703066856016e-01
1.000000000000000000e+00
4.870106239281345450e-01
9.992068750470459726e-01
9.933674841671422673e-01
9.812912843622362269e-01
9.806290287895512714e-01
9.825799136015842539e-01
9.874194714574567877e-01
7.611813438909155183e-01
9.865075403105626473e-01
8.791616670380848486e-01
2.927097081864931671e-01
5.050764339087813193e-01
1.969034654655318906e-01
1.789527971996908995e-01
6.242534611354234597e-01
6.732487181271793464e-01
7.129562948647150122e-01
6.985861902251365718e-01
1.156437912781914240e-01
5.796458939593446269e-01
9.087265634194620079e-01
9.425891186387012066e-01
3.719184387295087491e-01
5.734080106981962466e-01
5.490265500736896120e-01
1.245609834016880579e-01
5.750882431617089230e-01
6.930745097861459314e-01
1.967682376561067092e-01
5.550661611229386061e-01
8.330754794582178047e-01
1.752531019727191219e-01
3.142374202376203574e-01
2.871972258295968708e-02
1.000000000000000000e+00
1.000000000000000000e+00
9.998886676079238311e-01
8.446397374609417863e-01
7.827269653658991411e-01
2.895938360210117413e-01
6.895558643866227244e-04
3.338532821060534728e-01
0.000000000000000000e+00
1.597948924647612234e-01
5.816514485511625754e-01
8.256180091884985917e-01
9.985946823536546724e-01
4.939548284243659992e-01
9.899655426222881971e-01
6.871666765434902846e-01
9.991656762887334287e-01
9.998644602572861473e-01
9.999999999999997780e-01
9.999999999999984457e-01
9.996103164569739574e-01
7.851861997298695828e-01
6.404445182458480268e-01
9.898020573690519130e-01
9.914767016927571452e-01
9.953325565874187042e-01
9.991252852195410261e-01
9.969727298507665703e-01
5.579469674835105808e-01
8.108332364541671611e-01
5.045160343154473509e-02
2.434096756160590222e-02
4.828576648462441084e-02
5.390323270985445392e-01
4.895463055575524081e-01
4.569763693019685546e-01
1.000000000000000000e+00
6.328259873547760206e-01
9.638011820323854062e-01
4.212042415111407201e-01
8.200170966905415693e-01
6.106232208970205910e-01
6.117929697131435640e-01
4.961918884172550337e-01
1.421843362087425178e-01
1.189823891347902285e-01
1.487745913262908115e-01
1.093798997739681006e-01
1.765770862674838071e-01
1.889280653627818662e-01
6.347346402253750686e-01
5.973657354733789004e-01
6.945786943909685318e-01
5.237901291951588961e-02
6.302783630581667573e-01
1.742413435712866221e-01
4.950704174999986940e-01
5.459057895891431533e-01
2.467214391828951581e-01
1.353990220419265256e-01
1.724482698577528283e-01
5.846707067210314170e-03
2.641253316943918961e-01
1.303104467540925140e-02
5.059494382109974708e-01
7.908917970527867825e-01
6.340675241063991052e-01
8.787335917120704387e-01
7.809486994287557771e-01
9.097031812167283293e-01
6.030154013286298520e-01
9.851970891023289489e-01
9.865503093214326169e-01
5.360797157704804139e-01
6.267437091188482468e-01
1.000000000000000000e+00
7.698928996587758311e-01
4.263716796124627506e-01
7.271898215419535516e-01
2.874102209038139621e-01
6.170101028467710712e-03
1.808496124576540812e-02
5.345025535640396397e-02
8.975074425481271989e-02
2.697707904165103643e-01
5.536814534603926585e-01
9.896244538081869213e-02
6.502179279634673348e-01
5.507035056970441822e-01
1.006675159039265022e-01
1.626659536155826702e-01
2.266286015874138526e-01
5.043979436505884317e-01
2.004342182976525943e-01
2.283010167891967312e-01
8.128311748399005277e-01
2.223915592489626170e-01
9.228964592724170357e-01
1.954777981664617900e-02
1.408818611046925608e-02
2.606660563138474829e-01
1.000000000000000000e+00
9.999999972323679875e-01
9.980753338166918898e-01
8.997616535275767546e-01
3.933813090358758147e-01
0.000000000000000000e+00
0.000000000000000000e+00
1.202589770754737106e-19
2.642757932575465839e-05
4.460261302341829610e-03
5.158475154260483420e-01
9.816955671421391250e-01
9.120718253020821953e-01
9.966479617817314285e-01
9.918905395479850062e-01
8.636007314435026894e-01
9.994736574468965351e-01
9.999757875706427601e-01
1.000000000000000000e+00
1.000000000000000000e+00
9.994938392885106548e-01
7.548922166981066884e-01
9.921327854322624651e-01
8.354133403261707613e-01
9.878983169573115619e-01
7.529386678524578880e-01
9.946309548305171111e-01
9.981100011517052284e-01
9.965973456796459740e-01
3.841196232318317416e-01
3.358196577669289584e-01
4.441835330015675432e-01
1.984396230184840848e-01
6.451240588374596019e-01
3.108288507314502791e-01
3.221246512571381837e-01
1.844926173655144497e-01
8.062847055326916035e-01
2.682340123892009709e-01
7.741314011790760841e-01
8.346539737961545802e-01
9.658014815273058273e-01
2.727239508559863856e-01
2.346098322361500343e-01
2.302136602398734133e-01
2.499780032520544648e-01
9.219978092292325789e-01
4.631678423437257663e-01
2.456637165469208739e-01
8.985219246814911687e-01
9.099347381746623054e-01
5.621883481490876910e-01
8.829440913973557459e-01
1.151719527650248986e-01
9.597637888560499597e-01
9.897569179056942001e-01
9.947528796686700980e-01
7.611252586760476335e-01
9.639552353559301123e-02
8.181450502556725235e-03
1.537633620115383404e-01
2.485850254405594095e-01
1.213638520809495291e-07
4.055128345032868562e-04
1.512629461583138712e-01
7.692244793995498542e-01
9.872739290786272104e-01
9.773018775983942641e-01
3.122975474644461014e-01
6.274162771047283593e-01
7.288566991709795051e-01
9.997020663386344541e-01
9.567217175886402192e-01
3.560486454604319118e-01
9.948228634616420596e-01
9.999431400269522818e-01
1.000000000000000000e+00
5.576366319981954645e-01
4.192555371730066760e-01
6.251839416081128586e-01
1.496773384168786913e-01
1.339087371291270701e-01
2.485982829514159220e-01
2.838344384838189377e-02
1.787425451925517550e-01
3.169245188430707544e-02
4.892854909177661582e-02
6.100777138455427961e-02
4.934957414061866277e-01
5.649685806202566773e-01
2.478297002296694362e-01
5.588671901845708723e-01
5.890274625046270085e-01
3.332650747688740145e-01
6.233964219045432520e-01
7.424890034769136005e-01
3.961057292917663508e-01
9.671630066016916327e-01
4.662186261126761155e-01
5.943713557073565523e-01
1.509907671536575846e-01
9.999999985811848235e-01
9.999674028961843542e-01
9.428023903344333601e-01
8.746260807926686809e-01
0.000000000000000000e+00
0.000000000000000000e+00
1.486726927158281553e-20
9.483091859798865186e-21
1.543700484808218428e-04
4.167306735526061789e-01
7.285850756436235143e-01
4.636567179206133593e-01
7.279386657401044625e-01
9.888152756276137323e-01
5.865673779276371347e-01
9.925501820920186180e-01
9.368839892551988902e-01
1.000000000000000000e+00
1.000000000000000000e+00
1.000000000000000000e+00
9.990013963888730864e-01
5.771191558172780178e-01
8.981164918500319505e-01
9.473344781752837118e-01
8.480214994015591312e-01
9.758951344326201038e-01
9.776122687698092228e-01
6.381806517721034799e-01
9.985073335975395148e-01
4.077981199011380675e-01
6.352981981245404697e-01
3.951019675894024696e-01
9.705002901801949022e-01
4.150635278683817986e-01
2.875952695112424240e-01
8.926324939313723394e-01
8.399776202800481872e-01
3.667409461982596569e-02
5.528202285599472660e-02
3.091559238576777613e-01
8.268826905465826993e-01
7.138202337064605274e-01
7.111114944753199607e-01
8.346287013352926554e-01
6.454001339415510463e-01
9.443309710944355340e-01
4.743289395978803613e-01
6.121373849400167932e-01
1.000000000000000000e+00
5.437145944477859150e-01
7.697964598470473652e-01
4.648091173873775128e-01
3.960402833184704652e-01
5.651883706747952152e-01
9.807027043500823327e-01
6.199215148715995216e-01
6.329686424644418441e-01
1.802383985697527946e-01
2.765983345745287938e-02
2.111328188235375436e-01
1.689221221230398362e-01
0.000000000000000000e+00
2.802747808680660646e-01
2.353265648006153121e-02
2.013440995297342273e-01
3.911501731422284411e-01
5.162247089161559055e-01
3.704221329287079589e-01
1.840478643265321956e-01
8.996841689438955791e-01
5.016777835427489451e-01
2.408308903547745350e-01
3.043408482220057998e-01
6.004492224043921356e-01
9.021495090414035634e-01
7.109119763261552150e-01
2.773365272217646615e-01
1.000000000000000000e+00
2.857732893726196433e-01
1.220494245204711420e-01
4.480464115169290051e-02
3.515807104269332295e-01
6.346548871018463378e-02
5.976589531237574797e-03
2.773265909222914494e-01
1.597520120336368143e-01
9.910806398691196083e-05
1.599025600731419222e-02
1.101567523916711783e-01
5.370813194297254789e-01
4.813714118062848435e-01
7.494416009304628590e-01
7.667230055962774848e-01
2.155080996488426270e-01
4.536674915635264260e-01
9.912211910685642113e-01
8.271045972014937631e-01
6.077831439964181959e-01
1.743889825197054155e-01
4.280005942108170425e-01
2.498132462377904497e-02
9.999595095803379685e-01
6.592344170133835890e-01
9.546561487972865523e-01
6.877098825389343917e-01
4.469383637999422287e-01
0.000000000000000000e+00
2.774513196105830913e-19
4.944589901313177494e-02
2.784295471100697189e-04
1.605746438643666785e-01
7.049454692086066787e-01
8.588082041696061264e-01
8.382364495561762663e-01
4.319104968203066885e-01
9.766877113800629395e-01
9.858842972789868542e-01
8.064714467976749068e-01
1.000000000000000000e+00
1.000000000000000000e+00
1.000000000000000000e+00
7.398476528931127172e-01
2.913573177737376896e-01
5.147696232962191143e-01
4.955508848501804509e-01
9.057059568708066832e-01
9.393316327512367669e-01
5.599580346445358625e-01
6.987526465372755347e-01
9.879956757841845683e-01
3.791609634936418671e-01
2.989437062583483740e-01
3.206037462867742382e-01
9.804538320258705530e-01
4.329491711340019977e-01
6.884382663910487699e-01
4.602530294208173611e-01
3.462850295808761469e-02
2.423724281856616536e-01
0.000000000000000000e+00
2.508543154026045552e-01
5.121689111316030107e-01
3.417215287697336068e-01
9.951349738560361091e-01
9.957848932393812413e-01
4.180661800369880887e-01
9.175914597767044212e-01
1.000000000000000000e+00
8.811631648583506671e-01
8.582993656011760342e-01
1.000000000000000000e+00
9.999990563851892666e-01
7.032402479469485046e-01
9.965764811280914959e-01
9.114381497386829789e-01
9.981022815269248172e-01
9.660315150023622843e-01
3.046809664634635428e-01
3.762097827236071668e-01
2.656485442763165811e-02
5.044091086503041943e-01
2.224370190565924665e-01
2.871357988793166432e-03
2.618645573097544421e-02
4.565377607403140470e-01
7.105184410610182466e-01
1.074878301940674630e-01
1.253398279307181284e-01
1.450070095662350234e-01
8.041166461016856504e-01
7.514005190464195794e-01
6.548073993885247246e-01
5.432570814206902909e-01
2.957687994436937196e-01
9.005448205028866449e-01
7.476085955238179759e-01
6.231662787569347550e-01
9.997319809082044761e-01
8.077672824910053784e-01
9.999995446360507856e-01
8.232754641779743698e-01
5.951961316711975453e-02
3.498838197665300465e-01
4.868711047503061610e-05
2.802708089373421723e-05
2.255869887351090366e-03
2.450378416272317450e-01
2.119750240510956851e-04
2.622519039470232460e-01
6.375919238480118323e-02
3.376458097106046496e-01
8.191722380927668468e-01
7.188080891752720580e-01
5.824973660586536539e-01
2.545684507077744518e-01
8.236316255239499728e-01
4.388701464552127174e-01
9.924123317479793815e-01
9.964545538152612680e-01
4.639326373300016737e-01
2.126600219576868858e-02
2.227338891775059587e-02
9.921540504499466451e-01
9.747830650324624813e-01
8.660346716132969469e-01
0.000000000000000000e+00
1.621243936515894268e-01
0.000000000000000000e+00
0.000000000000000000e+00
2.293428969441285898e-04
1.249991166107332959e-03
2.829818587186583856e-01
3.356870366434087649e-01
5.834219013849655244e-01
9.672778930992550483e-01
9.446007405520725486e-01
9.017003048861289560e-01
6.282546451607691207e-01
9.924692297104916738e-01
9.999998729373277273e-01
8.646793844770924720e-01
5.310567638040301075e-01
4.966375856727257010e-01
9.500214629927605792e-02
3.526398161681342791e-01
0.000000000000000000e+00
2.601049098096914758e-01
6.769577190242052067e-01
9.556777970899852370e-01
3.945160798128116153e-01
8.277155320218654300e-01
5.015219178111941511e-01
9.499941410300917211e-01
6.074526388655834275e-01
9.258005291476328891e-01
5.971887320308361113e-01
7.697653918081829305e-01
5.642171926269669013e-01
1.649868120259280133e-02
3.583373540014852532e-01
0.000000000000000000e+00
4.129505657526133522e-01
4.464148736312699706e-01
8.061886948107229722e-01
6.022798253624661591e-01
3.037789447017930078e-01
6.148681658385994897e-01
4.073206863098690067e-01
9.989627778091993981e-01
7.835809128906372489e-01
7.295504419441199984e-01
9.996816620138412324e-01
3.953159170537442479e-01
9.216768521830466243e-01
9.980004165499553048e-01
7.022765137840332184e-01
5.401510701776005563e-01
8.613599046667695935e-01
8.399412954772619289e-01
6.353399704829356676e-01
9.661542195618459949e-01
8.218180275301238957e-01
1.048285819119011281e-01
6.710120551814447998e-01
2.676171179701083425e-01
2.003606031578444024e-01
8.139275476439639112e-01
1.560995856562281126e-01
8.178693678266199529e-02
5.053033212100814797e-01
8.030244831899099878e-02
4.301671349183417425e-01
1.393828348666162620e-01
1.873903823904770616e-01
5.298198678367548320e-01
3.693253594842945131e-01
9.747562121553579040e-01
6.265967497036688538e-01
9.989318843312360308e-01
6.416278049200208056e-01
9.999978352725046316e-01
9.602281041318521115e-01
2.519306624789395821e-01
1.057516782144619499e-01
1.847626204978474185e-01
2.754768103732225804e-01
2.560109944345712596e-01
2.061275338017444780e-01
1.013668800845969305e-03
2.323735953926844844e-01
3.527399017161619160e-02
5.876488179991663507e-01
8.209945133111880011e-01
4.443702685985956302e-01
2.771511005206027112e-01
1.988281184962848724e-01
3.770547816221577198e-01
5.968471386445098892e-01
9.897997764340729088e-01
6.890545288655394174e-01
5.437469008310302776e-01
2.063409139387710478e-01
2.590701142201349075e-02
5.204443816956467739e-01
1.559488932254674276e-01
0.000000000000000000e+00
7.001867062636916161e-01
0.000000000000000000e+00
5.062855654391981153e-01
0.000000000000000000e+00
6.303748130683292095e-01
2.913379755758238043e-01
7.450500274278361035e-01
9.693676572187421847e-01
5.026159172235943329e-01
1.169699016001851805e-01
7.271801099055218431e-01
7.121093856537897837e-01
3.167083966722575306e-01
5.851415894947197271e-01
9.939323915198228221e-01
1.000000000000000000e+00
8.143919642385649693e-01
1.551531399936904032e-01
1.388658675394692787e-01
3.820261578202859276e-01
0.000000000000000000e+00
7.110209185243432373e-01
9.368155006805440888e-01
3.881310861778308752e-01
9.954421094088348188e-01
6.721993499203610112e-01
5.514163070522033472e-01
3.207926174808794495e-01
2.807405268521266373e-01
2.699046457004872779e-01
9.232269457200973362e-01
2.698770486886765130e-01
4.533586168218633333e-02
2.915456932965035941e-01
4.325818075101364735e-02
1.170866772041298059e-04
3.253010164449646191e-01
1.772578795005275501e-02
6.132804617296935268e-01
7.275707278307386172e-01
9.966682168051563817e-01
9.955648168554599442e-01
4.677795060024391716e-01
9.576643952909226210e-01
5.312723340494753810e-01
9.995231650779881072e-01
8.549875726496464212e-01
7.467122229615555939e-01
7.893189157163998937e-01
8.332670814148420702e-01
3.558628659323044285e-01
5.572899549517890128e-01
4.584074142841844113e-01
9.972771253779673106e-01
9.957178250263674091e-01
3.103454770426117837e-01
9.836858167987173607e-01
3.544826409995658345e-01
4.336097963092061525e-01
9.948291242769613518e-01
9.821538766311171953e-01
9.884486656005395666e-01
2.572932030252119140e-01
1.857599788846460709e-01
1.827675194234907596e-01
7.460802070091121507e-01
3.566991659275839388e-01
1.084820703700913463e-01
6.372625912228372380e-01
3.030657210816530278e-01
1.976053086819466731e-01
4.956271952167258243e-01
7.937662305251835804e-01
6.616361089207941637e-01
8.350819428485354301e-01
1.000000000000000000e+00
4.822046364065501467e-01
2.725125032242807221e-01
3.676198085292893825e-01
2.752205360994426364e-01
1.745906374693935448e-01
0.000000000000000000e+00
1.927725917742000267e-04
3.917260861706551855e-01
3.968054873311562813e-01
1.815816759390575033e-02
3.444867837932270582e-01
2.483635949942804011e-01
2.144062155299067407e-01
5.150907287698546222e-01
6.890361044479768049e-01
5.677059885505074677e-01
7.412147571550051772e-01
9.876013648198996853e-01
8.200512686488654612e-01
1.303022415111940169e-01
4.563423018991599744e-01
2.999660112830665123e-02
1.405152395115200348e-01
4.677763944121449691e-01
5.924604584694099785e-01
7.244303889785798090e-01
2.832542748986142112e-01
3.669423349345189989e-01
1.499698373738503065e-01
2.462710774080299203e-01
5.793929576198545428e-01
8.541554012722873956e-01
9.982367715331978975e-01
6.476981727153852120e-01
1.802033630783040075e-01
1.424574395430635021e-01
3.833617673404025594e-01
1.335767608172230489e-02
9.356516148477528327e-01
4.567717901063416686e-01
5.972267027958103602e-01
5.311034510041744428e-01
6.143049903758153463e-02
2.385138270679610373e-01
2.577684861329244265e-03
6.029740158534540456e-02
2.883168016879130227e-02
9.379154463359534732e-01
5.484956341375545330e-01
5.483516060494623146e-01
6.626823771240829553e-01
7.168964003186369949e-01
4.669539834703113623e-01
4.187497197710398633e-01
2.056720592187938068e-01
8.492033244973534734e-01
7.954714095624859649e-01
1.172632913736488675e-01
7.186151040828019781e-04
3.793374713237229875e-04
3.438858477222922483e-01
1.759179322510218968e-01
7.608859500094516948e-01
3.772262987230710074e-01
4.663325203374057981e-01
5.577610639970094208e-01
8.736367710133228215e-01
6.421440367596127352e-01
2.932092948433499546e-01
2.688342884291565205e-01
4.414116589968274940e-01
9.284265349066593842e-01
3.368123240988720735e-01
5.645372651907475392e-01
6.702147004362127847e-01
8.985846643478949680e-01
9.778077655239459931e-01
9.976625389052303783e-01
9.992722437047030226e-01
9.994516876308306985e-01
6.940229395564911918e-01
9.970899822025340864e-01
5.934255959139632663e-01
9.965727752077776502e-01
8.552064156325189792e-01
8.543308183421085555e-01
9.790620414052012555e-01
4.744198358438834751e-01
8.856101410034499244e-01
7.992491714765025401e-01
8.733244508290088914e-02
3.615543350130117073e-01
4.606558962717454686e-01
1.179159961885417329e-01
2.314924869450541711e-01
1.334960284105285167e-01
1.131797321674734985e-01
2.414802048095772979e-01
9.213200755862740454e-01
9.846929030518027925e-01
8.440002739170208157e-01
7.178994460975537395e-01
8.636425321844449776e-01
7.716263739129046728e-01
6.759813408797877843e-01
4.798629299463523512e-02
4.250530787525352294e-01
2.780586859605750985e-03
1.009052161825902717e-02
1.937586149547255998e-02
6.349287444212940723e-02
2.083928325047415264e-01
1.259538174970017965e-01
1.802853656216329703e-01
7.354995879337471454e-01
5.209231686111587267e-01
5.709306943408295476e-01
4.983497206170661165e-01
9.710719031384531519e-01
9.619957665138387792e-01
6.977785495427950568e-01
2.354738333475971390e-01
2.587444245677876509e-02
4.799331042444477391e-01
0.000000000000000000e+00
2.801939206880837974e-01
1.185387946263094505e-04
2.353003187667158103e-01
1.974103187174293672e-01
6.487197117389336132e-01
9.378056004803693169e-01
4.046146171982982764e-01
9.964941887290570399e-01
4.798581060034308732e-01
4.069940361464973178e-01
7.928224332410466202e-02
2.665872974558192721e-01
2.174836242731004437e-03
6.408368526966556900e-01
4.633795506971026545e-02
8.499963300206613281e-01
7.864285496357767413e-02
4.398711998550971503e-01
2.331605877690599501e-02
4.958076270189097287e-03
5.220454875943630370e-03
2.177170162854047131e-01
4.911990451745159025e-01
9.707166813719265708e-01
7.381131677787020617e-01
1.000000000000000000e+00
3.912477927345774376e-01
3.477625242507415004e-01
4.731786420336617782e-01
1.771611261096378842e-01
4.110161318965374622e-01
7.481972986867433395e-01
7.318834731414874950e-01
5.887117295195655187e-01
3.227777934079360984e-03
3.781740322639928209e-01
1.739880587420661665e-02
5.159632646408222056e-01
6.801578593575617893e-01
8.538497127267006270e-01
9.524615728405230186e-01
9.998916921773843836e-01
3.187641670225921375e-01
4.188394834720894355e-01
8.106382684911827008e-01
9.700544913004716108e-01
2.146607716679990452e-01
1.685596933932228259e-01
4.880929298646876080e-01
3.900153071203498745e-01
1.248075726929388091e-01
7.661531852243004259e-01
5.900639754001917314e-01
5.864909792351880036e-01
6.376503680905446503e-01
9.998743737773023721e-01
9.999759630870476146e-01
9.083007372224564113e-01
9.999278280720718115e-01
8.020766546215224446e-01
9.999870595886740654e-01
1.000000000000000000e+00
9.398280375724528124e-01
9.999535074553151937e-01
9.998880262622119597e-01
9.971187233719566168e-01
5.839034202346883307e-01
2.492950052360193569e-01
9.355300471157330933e-02
2.873818886216006341e-01
2.100247526275610122e-01
1.767603767521949421e-01
2.517099391195353197e-01
4.892228177891862206e-02
3.309164324684575886e-01
5.601680854923508646e-01
5.592846900612207239e-01
3.352148487454866821e-01
3.053787269649636538e-01
2.244575484481312333e-01
3.276420924264584200e-01
6.823979236112083513e-02
2.651193014736325914e-04
1.564004959984713870e-04
5.529015613309157251e-01
6.160132241874575199e-01
5.614342820773192688e-01
3.392833067157809412e-01
9.255816468952432485e-02
6.963035033740532231e-01
1.824773542054368702e-01
4.945117395205648192e-01
8.738153066538387748e-01
8.569381545374451514e-01
8.298280218427173116e-01
5.436223796940140573e-01
5.182369401842695789e-01
7.017253044174812451e-03
1.838766193936152912e-02
5.811031237324311149e-01
0.000000000000000000e+00
2.741521356900430417e-01
4.447942035703097985e-01
6.520260518690987883e-01
2.511989511363240668e-01
7.647805090809440820e-01
1.688205681830559357e-01
7.216302692581905154e-01
7.866880117554995167e-01
6.296493969708631955e-01
7.131423651029265010e-01
4.218407408760665445e-01
3.815522244794294113e-04
4.575421886684799544e-02
3.730631375951810602e-01
7.191018174477037395e-01
5.126814618416190017e-01
5.459660932183005855e-01
3.445274387350569234e-02
1.423007549063142786e-02
2.259722850621300738e-01
4.943551512387895502e-02
6.042912040073936120e-02
8.609507877482517335e-01
9.636096609885286268e-01
8.063670556766024955e-01
9.997176294658766116e-01
4.242473096580453018e-01
8.686058505622812342e-01
7.886424865356918001e-01
9.807873454243442035e-01
6.006020686032834677e-01
8.810435206344285897e-01
6.673406666438248536e-01
3.265100266879806257e-01
9.043806750825991378e-03
4.599435944953191857e-01
6.895816468061984894e-01
1.121120390160994518e-01
2.080728633721542209e-01
6.799534494151792119e-01
1.000000000000000000e+00
3.879740682685193232e-01
9.988951477431766701e-01
9.155487961548098852e-01
8.756517474613491059e-01
1.923339570276103028e-01
8.935854125556913496e-01
6.144887701368146882e-01
3.361428541627723976e-01
2.757927705513229522e-01
1.137625217836909066e-03
3.157573948194043467e-01
5.984071445854827198e-01
1.000000000000000000e+00
6.947415451093124084e-01
7.985009911383835757e-01
7.407201559238900668e-01
4.884243434754545476e-01
5.734058890727568025e-01
9.925077514540363577e-01
6.242749920267808283e-01
9.996922620101429402e-01
9.801377413359708690e-01
1.000000000000000000e+00
1.000000000000000000e+00
9.781659403827108745e-01
9.218056670189559432e-01
8.722072793609776387e-01
2.271307692237305997e-01
3.238867261977811801e-02
5.641920904598232006e-02
4.197013754885441927e-01
1.640099016784144215e-01
2.249832493828073376e-01
7.675517409634878829e-01
8.052315411314581173e-01
8.809638492655441633e-01
9.455004619974942681e-01
2.960408877456399135e-01
6.237956237854722641e-01
3.364802006370465892e-01
8.696792328794523685e-01
8.498967013950705640e-01
7.698753976341233575e-03
1.496972568576702056e-03
2.467289621116834294e-02
2.152172052928645329e-01
6.911852563162808050e-01
7.593361069893389548e-02
2.899507028407801723e-01
5.694040554423230871e-01
6.660392144026393568e-01
7.463374056112687116e-01
9.649818847222180196e-01
4.206998932076389530e-01
4.240490413161727701e-01
2.778699921177463228e-01
1.091807065808470152e-02
1.731065036885544306e-02
1.231219731095664210e-01
5.095859544433759547e-01
4.066619988236234717e-01
2.400195239301136096e-01
1.967037229432466987e-03
5.674376968694793133e-01
4.511205262021446560e-01
7.912480078520615079e-01
6.967494281551459556e-01
1.028623499780433048e-01
6.308495067701668235e-01
1.517596059719170942e-01
4.245130062227270924e-04
7.760326621455282533e-05
3.128355153492392571e-01
3.589729830699756041e-01
2.360951451360517039e-01
1.281666131356270222e-01
4.854249521482276175e-01
5.946003594877232734e-01
3.865637212852365834e-02
4.970878006000239990e-01
4.199775740634855703e-01
5.970560395188926339e-01
8.571841059463315426e-01
6.220911416603328581e-01
9.999623170058747901e-01
9.984369896499496466e-01
4.256910068866424091e-01
6.026774514314993114e-01
9.945892268354016297e-01
6.320610932579699970e-01
7.218866722688983550e-01
9.443975447034087534e-01
3.085620114294322924e-01
2.921500700691428976e-01
7.866994169365392198e-01
6.960592248582065933e-01
1.000000000000000000e+00
1.000000000000000000e+00
9.990330341337474440e-01
9.899554825199670116e-01
7.923477847952440367e-01
3.926041235507551352e-01
2.887417316761278774e-01
4.364794090165388107e-01
6.642444665114575209e-01
8.126179062902274541e-01
4.335230727984930588e-01
2.396376267213548295e-01
4.181327560182820924e-01
3.480463724228286537e-01
6.663524046698113823e-01
1.699582295428546941e-01
9.589792022298077034e-01
9.027220932736055303e-01
6.361310841756416812e-01
8.047737810351278664e-01
9.954026785041228953e-01
8.863428186402515507e-01
8.895976106843491715e-01
9.339289910957431218e-01
5.303148274258233652e-01
7.456996837085002605e-01
8.776231791244374358e-01
9.999910248240079236e-01
9.998698598665028969e-01
3.536735698405710782e-01
9.927669809445360816e-01
8.509297178310189225e-02
5.247625641116798745e-02
1.871750765382098475e-02
2.246599182302657163e-02
3.154597162635451313e-01
1.052445765292546291e-02
6.316675923414551974e-01
2.046035682292912938e-01
2.227816871188195991e-01
7.328401549647551860e-01
6.892663610961585752e-01
6.262611464129469452e-01
8.530481051186513675e-01
9.987238896011445544e-01
7.092304270676492717e-01
3.893331086998362833e-01
6.322766303760474216e-01
2.429358934638898848e-01
8.965684648313101412e-01
8.359451142427033465e-01
2.665389144123379017e-01
3.381244304182084992e-01
7.952853616094676115e-01
7.822485477652957320e-01
2.430880911728205418e-01
8.773927585522871553e-01
9.564509192847810981e-01
8.974444849345754038e-01
2.130095814815818334e-01
1.239661022404396767e-01
4.769656043502470966e-02
1.656224598403085446e-01
0.000000000000000000e+00
0.000000000000000000e+00
0.000000000000000000e+00
1.033161625872383756e-04
7.292038780872901532e-04
4.435925253070141516e-03
4.004900323037113852e-01
3.173598690484638607e-02
8.618719006243641401e-03
1.910191559402231801e-02
2.577531969357609379e-02
3.650313550632098836e-01
4.354574025774285754e-05
0.000000000000000000e+00
2.546571849326611514e-01
1.843707550974596552e-04
2.740841013057388614e-02
1.003308252810877627e-01
3.382171234121212344e-01
4.788570665867113441e-01
2.879105360481360454e-01
2.339163687516920276e-01
4.559456259103381037e-01
8.974102248526767411e-01
5.715509383254699927e-01
4.668089480722311113e-01
8.925618541662414529e-01
6.381442539935144875e-01
4.928215146137491232e-01
7.294883468768632584e-01
6.137628168646241944e-01
6.674776070213322976e-01
7.669571527431625624e-01
9.743568914594550323e-01
6.087703096952439275e-01
9.501324610725571107e-01
3.613704099890509003e-01
1.000000000000000000e+00
8.440915129311651333e-01
1.000000000000000000e+00
1.000000000000000000e+00
5.019466938342646012e-01
6.123680164701367223e-01
4.198192388607416281e-01
9.813502423270018538e-01
4.978847388116855455e-01
6.384951261423528202e-01
2.177242096989953357e-01
9.543136078251858168e-01
8.189718016664395694e-01
1.873997991130201546e-01
4.703489602996703822e-01
3.288033012388479337e-01
3.669749299791387476e-02
7.367348489125274957e-02
2.484339375498986757e-01
5.130394733819689801e-01
8.917056732775702210e-01
8.625621966457200918e-01
5.902773708195475644e-01
7.248232511561195635e-01
8.617014572334532607e-01
4.209975140332753996e-01
9.682326621044615722e-01
9.976048349678092730e-01
8.077473213910684180e-01
9.989239269145064881e-01
3.389078111887804390e-01
9.903830532719746227e-01
2.690171980617304670e-01
2.113364433071609691e-02
1.443931266968593100e-02
3.876500540195032540e-01
2.053154542882571279e-02
2.201615320183087504e-02
2.210631702209024385e-01
4.192423100204211162e-01
3.561258463668363072e-01
3.015432302558602728e-01
6.746333520071471357e-01
7.158576072097301290e-01
3.720398297891610584e-01
1.000000000000000000e+00
5.554310960511698037e-01
2.683477177829476923e-01
6.756737536678333322e-01
9.593150537582353365e-01
8.619352323127509319e-01
4.467972698279265575e-01
1.556699368449350473e-01
3.042736167973557251e-03
4.824234784885459426e-01
6.964776494335384038e-02
2.102090566435414476e-01
2.496097259445861916e-01
4.908816311805812016e-01
1.887996386658256642e-01
1.701520495901877872e-01
3.021373532440912446e-01
3.956860261820158153e-01
4.089607985409723229e-02
3.089383151689733542e-01
4.575647491907611220e-01
2.008882643470438287e-20
3.892698184927289445e-02
1.547404903805202347e-01
1.948357794770334273e-01
7.189918866740033776e-01
5.599663089010582517e-01
6.195538303708203465e-01
4.277744321132759264e-01
5.798900970842311153e-01
3.246838719541704776e-01
0.000000000000000000e+00
0.000000000000000000e+00
2.742754848378209928e-20
2.259782130753342725e-03
3.877942336844052984e-01
7.801639476428212649e-02
3.000701100532610077e-01
8.343393566824797158e-01
6.579242644248299854e-01
4.228504983483792334e-01
1.949149432961659323e-01
5.414297457181830309e-01
7.521838292760684164e-01
4.643882615364834376e-01
4.159254747451808787e-01
2.724619909260708739e-01
5.212338416845772038e-01
6.421214950335016880e-01
6.937964585909326409e-01
9.898578207522850114e-01
9.915047128995366776e-01
9.919386455578450557e-01
9.958713832308931924e-01
9.996876148146883745e-01
1.000000000000000000e+00
6.844926550879868454e-01
6.787950230155191944e-01
1.000000000000000000e+00
9.999978705145480262e-01
9.832316482518750345e-01
9.684012515686991618e-01
9.221806917257771019e-01
4.720255598991345281e-01
5.062460635204527049e-02
2.563371345508873578e-01
3.873405082999379911e-01
8.496755165548107724e-01
9.106141850360546242e-01
5.981629979934021124e-01
5.054701378254559119e-01
5.480486822268285790e-02
3.324781193690438674e-01
2.581704175070610036e-02
3.070905993801061329e-01
7.139722013719094207e-01
1.910049513343892447e-01
8.498817837846746048e-01
9.005473977134673680e-01
5.567740713865808599e-01
8.279331704625484400e-01
4.123734078823012572e-01
9.208333626812762462e-01
9.786188535594184668e-01
9.897736534117602680e-01
9.913646227887521478e-01
6.897760088182308680e-01
3.863447095607472348e-01
3.362029889633425528e-01
6.312666984575175944e-01
1.269020431911063174e-01
1.457603409755111983e-02
3.944022776598891944e-02
1.697731070852704638e-01
5.382944274847247801e-01
5.167949814484464888e-01
6.778535078610917752e-01
5.263185275764306059e-01
3.040470360810201278e-01
2.189777386017714433e-01
8.799107528920704357e-01
9.098374317515149912e-01
3.654405964167242726e-01
7.325570155999738819e-01
9.831722246380765196e-01
9.650663277396145379e-01
3.566745953702135652e-01
4.016012476187235114e-01
4.781402304250563229e-01
2.960003051461098083e-04
5.999078264190108589e-01
1.395187040715460940e-03
2.958056047688057411e-01
2.607501106608633989e-02
8.521760515928829272e-02
1.888714241746302369e-01
3.156147726328527026e-01
4.460969859692831552e-02
3.706437352703976229e-01
3.269179279817841510e-01
0.000000000000000000e+00
4.655818276298084868e-02
3.337933567943122681e-01
3.348339738966389578e-20
7.730595981077060890e-05
3.481362493667179425e-01
2.777261162710641385e-01
4.843904993814686089e-01
7.888653924207025270e-01
5.341901810316802557e-01
3.140548032114712784e-01
1.861244548201324567e-01
1.470483158510858107e-05
2.291736063458343561e-03
4.292926096640610305e-03
2.866632798745739064e-01
6.377619023508411533e-02
1.341356883595874461e-01
3.144483474126547051e-01
4.057870369526925258e-01
2.824930203903168735e-01
8.318889843341102930e-01
2.766855517098228412e-01
3.721461703052730274e-01
3.557691845542126363e-01
5.112778776953836868e-01
9.732704959664404409e-01
7.573757135123011519e-01
1.351963890958330639e-01
3.176509994832283357e-01
7.828702540425149792e-01
9.494400549693270408e-01
9.737166346618095769e-01
6.585799392660928175e-01
6.621313976653390165e-01
9.982711103381919360e-01
6.067371356391111359e-01
7.860047365612258252e-01
8.690778812211871207e-01
1.000000000000000000e+00
9.992583230721853171e-01
9.672548039806079245e-01
8.414927918523325001e-01
6.602174465129589942e-01
1.596497028840471568e-03
7.681683341208230820e-01
2.449291936061741282e-01
5.958791521586398465e-01
7.975860875346956202e-01
9.864824949655155717e-02
4.630688322433015869e-01
6.819576700895217669e-02
4.029014287353140933e-01
5.010990507508935599e-01
5.347792493931580182e-01
6.162698623554802024e-01
5.357614059764075343e-01
2.404133586359089580e-01
7.802963879659091662e-01
5.090675618051117013e-01
6.748413184536088405e-01
3.174368906722681016e-01
4.212341614787890598e-01
8.656069086689170966e-01
2.851423712552175749e-01
5.188267559962959075e-01
3.708752180196240311e-01
5.828134106706067685e-01
3.325119822905218681e-01
4.703536640420419856e-01
4.315975265376036374e-01
4.708491104244742070e-02
1.502753087478557112e-02
2.256378557339248567e-02
4.821659382551250067e-02
1.944893068610770159e-01
7.066215743223677181e-01
3.897235406319294881e-01
6.667473128251760750e-01
1.441252080517188214e-02
7.450972801660954437e-02
2.296626155370330435e-01
1.000000000000000000e+00
7.243833684582778876e-01
8.837876702952082164e-01
9.972916726603028303e-01
6.099550536982651927e-01
9.246127106321623268e-01
3.488174797606265476e-01
7.733082734781352441e-01
5.259063543338152735e-01
1.286612481660787718e-04
4.153946395859886564e-01
1.062857418095393625e-06
1.270333927902377036e-01
2.201584233042817515e-02
6.371017418197378879e-01
3.196866062356200078e-01
3.880421869091417453e-02
2.036609952105168375e-01
1.746447275359761242e-01
6.961314580085731230e-01
2.858795656517303826e-05
0.000000000000000000e+00
2.191848458646937355e-20
8.593443563194305690e-02
0.000000000000000000e+00
8.028567938817650074e-01
4.921932156468692976e-01
4.395041909419479254e-01
3.811204162109430027e-01
2.225595728229399217e-01
8.350299827023034693e-02
3.697672408132490068e-02
1.949500755029028379e-02
2.141741000483963694e-02
2.458826632975643495e-02
2.337890379403317342e-01
1.538505556740458469e-01
8.963259946655594002e-01
7.289348234841168672e-01
9.917511463806061300e-01
2.219326504410391310e-01
2.791001967653406468e-01
2.121124198324944587e-01
3.515448410068905960e-01
3.937046662817079157e-01
8.545082739160861918e-01
5.177261250687731353e-01
4.172208883011621072e-01
3.907580868841263877e-01
3.159553771719788573e-01
8.136655889953154919e-01
8.777525292976962046e-01
4.473375587712556389e-01
4.296526007965857374e-01
4.637010554996130463e-01
8.480307615277042910e-01
5.683844509091631192e-01
7.263008022101767880e-01
6.837030368416809889e-01
9.242827503378467924e-01
7.069644917133051099e-01
6.244246428640660707e-01
3.835681836178745363e-01
1.041401570151641448e-01
4.063451819751641159e-01
4.744892204494777777e-01
6.743076324662570231e-01
5.556330047175845888e-01
1.824086039058546715e-01
7.191198567026092503e-01
4.941822214293508098e-01
7.597602124137142754e-01
8.534048460988915563e-01
8.667666070941293377e-02
5.638763144884564316e-01
9.026300961636994982e-03
4.830661691247406520e-01
4.902943037647800595e-01
1.328799550150898678e-01
9.398159521095355018e-01
2.876331864219042189e-01
5.655936188704108192e-01
8.164185293493938511e-01
2.445578605749064993e-01
1.259339844640882111e-01
6.107553674522261389e-01
3.932199729960295098e-01
7.492148803497362675e-01
6.847612483180907095e-01
1.730949770838307311e-01
5.829445498901696110e-02
3.664521581699020647e-02
9.156426937068519456e-02
1.874434184219979926e-01
5.303061070606222005e-01
3.178240940336890530e-01
2.219542053184217212e-01
5.869485740265981688e-01
5.473164979681626602e-03
4.154115316977509131e-01
3.766900456924085483e-01
5.710234997468280893e-01
5.939402345737272437e-01
1.000000000000000000e+00
9.999055634307970619e-01
9.885457745549632858e-01
8.234583195111502274e-01
9.053639392855097334e-01
8.250770341737198033e-01
2.888626930703630633e-04
4.918118701437005358e-01
8.456204237656268893e-06
4.875762923337285254e-02
2.551822727032775351e-01
2.534628664229853293e-02
3.589932889423047557e-02
3.684619775209837383e-02
2.699787566744343281e-01
1.607072513373043396e-02
1.336897846037529355e-02
5.403313279473723751e-01
3.146596149314281627e-04
1.551719539516600022e-01
2.149093207778161319e-01
1.247855862204042821e-01
4.986939889769552714e-01
7.114508364136072904e-01
9.034719855657831200e-01
2.665168198093309515e-01
9.211208519849034548e-02
3.618376020760003531e-01
1.469246716966870758e-01
5.141543835604148738e-01
6.702405322113595687e-02
2.256730872953757183e-01
4.407607909266038071e-01
1.976978761037130328e-01
6.922787338506628529e-01
8.275420304721876619e-01
8.201664231240659575e-01
9.013045834218103014e-01
1.615649921646933329e-01
8.666296715905938974e-01
2.712935774340793360e-01
2.350095225163807144e-01
2.807750899135975642e-01
3.581170373455090372e-01
1.472464312817078624e-01
0.000000000000000000e+00
0.000000000000000000e+00
4.646513669313577233e-01
3.198789026034329352e-01
8.205451764097697331e-03
1.391544483995693915e-01
9.139671393281421086e-01
8.359421831914244372e-01
9.972651634132562171e-01
7.642483640196853223e-01
9.999999853318126686e-01
9.025513517714507383e-01
5.636274514274258740e-01
4.783702343742558538e-01
5.905823239311821515e-01
5.424628070572498073e-01
6.949931110900905984e-02
1.536909943147254654e-01
8.830841001920786137e-01
3.584922635604318453e-01
8.987037986085560926e-01
6.960542102106923590e-01
3.087323562141406907e-01
8.109305552817865914e-01
7.957222969148886049e-01
9.463539656577222292e-01
1.463717089977960295e-01
5.215890368002976674e-01
2.238960850926630941e-01
5.493279280167687739e-01
1.706540876973434984e-01
5.366371388084493210e-01
7.619523860506330903e-01
6.515318835047989587e-01
6.318510629991520577e-01
1.643441663775133954e-01
8.634444172607684820e-01
4.098865367372848123e-01
8.866951066074578724e-01
6.866192600926800393e-01
9.604761066772875555e-01
2.884234373464840129e-01
6.056879498426067654e-01
4.880641927254836254e-01
2.622955316286089689e-01
2.355355177245354314e-01
4.282041018085780415e-01
1.370300606036072288e-01
2.596461705456729052e-01
5.870108486373858403e-01
7.741891014331128695e-02
0.000000000000000000e+00
1.887361268847887949e-02
4.049879227848511842e-01
2.091361730960655252e-01
4.295174838237938442e-01
7.841113950196592075e-01
1.000000000000000000e+00
9.964287333939310098e-01
9.911468901212082683e-01
9.650930629732399346e-01
5.014391477129801489e-01
7.786318002321217513e-01
1.693055898389210836e-07
1.777701548837908735e-02
5.436852073655630280e-01
5.557792142748901182e-02
2.587242281502128427e-01
1.624314420665597947e-01
3.047647041302910531e-01
1.388123881895497735e-02
3.435319554245147219e-03
2.809875857040998806e-03
0.000000000000000000e+00
3.709940622755004136e-01
3.496336456779111646e-01
1.533184588637517831e-01
6.049654079786187522e-02
6.055450781974078822e-01
9.183470502573908290e-01
6.071040396001162742e-01
9.146240388309705427e-01
1.015881147643608179e-01
6.277704715236427369e-01
4.148952957813770714e-01
2.773691266242271358e-01
7.352790625801449709e-01
6.319956916776655609e-01
5.614334519544240676e-01
1.152945961337533687e-01
1.879450777700429620e-01
3.682332457910241774e-01
5.869454982484375583e-01
9.004119177516691774e-01
9.319741532591329092e-01
8.352552986718688732e-01
1.750040738062121348e-01
8.099749167290670737e-01
6.691280556421833614e-01
1.897443155342179444e-01
9.130954987561246128e-02
5.444676394411434676e-06
5.736516870119143796e-01
0.000000000000000000e+00
1.032845738006678699e-01
3.953297070181502337e-01
0.000000000000000000e+00
5.489266070274968490e-01
3.900668785536043903e-01
3.075848138108262519e-01
5.148032589315987284e-01
7.669791730609425429e-01
9.999996725185389401e-01
8.920759392649664221e-01
9.750792644532544351e-01
8.655371693263030908e-01
7.364196606651558508e-01
5.524063511826268202e-01
2.279019799976068072e-01
8.012720314429464530e-01
7.018218519127060739e-01
9.766806057683524722e-01
9.778215942108700043e-01
5.279463006119743396e-01
7.040003897808244648e-01
7.137568526464771468e-01
7.031181635603057645e-01
3.780074344894799876e-01
8.432842254796975023e-01
5.821279319411594155e-01
4.982165019326952882e-01
7.753060282752988197e-01
8.863526454752861383e-01
4.251402730679234576e-01
3.383874829534787021e-01
9.292396589333846713e-01
8.990657074223017409e-01
4.556987507810937865e-01
1.756511563315667213e-01
2.520271612556006513e-01
3.581381059700661784e-01
3.337575755968947844e-01
7.416714057659250514e-01
7.968867579422745928e-01
7.386710883965177388e-01
1.773671986475161277e-01
1.773863252928618295e-01
1.979566039389460963e-01
9.752344695685529752e-01
9.298429121474581782e-01
6.683322537589354573e-01
4.113608326468908283e-01
3.810154302906172408e-01
5.823562286506718533e-03
3.676222994305895081e-02
6.728083000956562865e-01
6.464788189789194561e-01
9.744541036650972154e-01
9.997847692462119573e-01
9.913237847363735034e-01
9.664005767294675531e-01
9.445559111680699171e-01
7.479742414031583797e-01
2.640553725819581032e-01
3.501305528556197810e-01
3.308172693178773605e-01
7.082106414903041047e-01
6.864395184689295881e-01
2.451563386842981473e-01
1.939243377166279536e-01
1.739562668634473189e-02
2.064443629340719736e-03
3.337272677222879458e-01
9.627367163732521204e-04
4.607333126988270022e-01
7.922357437864361307e-01
5.681405710968038397e-02
1.077163044584800861e-01
9.252995615537940033e-01
7.577086190042356950e-01
6.480377983433490696e-01
9.748406033740044663e-01
5.723517181477155713e-01
2.509689751357260801e-01
2.916844148299592709e-01
1.922200950680997000e-01
9.717638674025201873e-01
8.477128426920187421e-01
7.416740725507433574e-01
3.505928998244038364e-01
9.312415008303341901e-01
5.776098346987065257e-01
8.624637926428171397e-01
3.720013606231172831e-01
5.869479066167185843e-01
9.599258084394186596e-01
6.260277360288533099e-01
6.699448316060657715e-01
5.695537169389944809e-01
2.041534106156810413e-01
1.687207027764764944e-01
2.755960788736324663e-01
4.881838156524418437e-01
1.170596188188587094e-04
1.332830964441602539e-01
5.109199212644518484e-01
3.754672728495060396e-01
5.941579822083790582e-03
5.663848068508785527e-01
5.417745455757441153e-01
3.670537898041287272e-01
8.086020765153592027e-01
7.487538427124788010e-01
1.000000000000000000e+00
9.999999519025473127e-01
8.133195863828569516e-01
9.881875042392995745e-01
9.708562313234523344e-01
9.703341724872708296e-01
8.468102753126212079e-01
9.994088959287581453e-01
9.999965118654265961e-01
8.367409585838918584e-01
8.839431522379924688e-01
6.391432213462845402e-01
9.992001661435467863e-01
9.988986487604426534e-01
9.493236975129187849e-01
9.892063993317453674e-01
7.117118368224463199e-01
8.206784640981343859e-01
6.627547261341758533e-01
5.142625955070214694e-01
8.127669556834645759e-01
8.591693958061040748e-01
7.293779498053600818e-01
9.111431665006417546e-01
2.609521695757228144e-01
3.805771816749545233e-01
9.077917634943469261e-02
9.883492050474031176e-02
1.402003669736472946e-01
6.145647056851775147e-01
3.219211801573586551e-01
4.933648823528971050e-01
6.891913072977955412e-01
5.897098688415906009e-01
4.161685076784429338e-01
6.837363063661027196e-01
1.000000000000000000e+00
6.418649760088758205e-01
3.181548651375814551e-01
4.559494758558257366e-01
6.366911274396426512e-02
0.000000000000000000e+00
1.649677170184948860e-02
4.111974311802136794e-01
1.665543080455560987e-01
8.227244035048618676e-01
6.496783471748317496e-01
6.049771793069390613e-01
8.965682049781027452e-01
7.957227114928439038e-01
7.103770497183369281e-01
4.533891326527940066e-03
3.130369929264707474e-01
6.616530558985829202e-01
1.456598182718561174e-01
5.633970566245759537e-01
9.678587881329753229e-01
6.397839809300145952e-02
4.558733199873539754e-01
1.647991909614261730e-01
2.774771065841816209e-01
3.543265770062728470e-01
2.325096754104658270e-01
2.571511343550919038e-01
5.626331441122912613e-01
5.657501740018755498e-01
1.215977899328491707e-01
9.866098296085766828e-01
1.000000000000000000e+00
9.864379393844798782e-01
9.691326991582706052e-01
9.476637913130339097e-01
2.697603898431124025e-01
1.522738134479266758e-01
4.453643214897147207e-01
9.954883817478389352e-01
9.965057055283271792e-01
9.952960641762018668e-01
9.964524129455747392e-01
4.791694797446416354e-01
9.008705412994052475e-01
6.096366415457604715e-01
3.975494698827806150e-01
9.038681309878876524e-01
7.809799239413901806e-02
3.225742395239931670e-01
5.755597353469801281e-01
1.672745060818797702e-01
8.977453153931834740e-01
8.866168629645999888e-02
1.015783207365855527e-03
5.756900076308434783e-02
2.482445486443291549e-01
4.844863590773267337e-01
2.750786729689800314e-01
9.081023315462785073e-01
7.931893406653415246e-01
1.223842333640541152e-01
9.535752366595696694e-01
6.238901212065443014e-01
7.412160922376686001e-01
9.329607137487203605e-01
1.000000000000000000e+00
1.000000000000000000e+00
9.999683319315909591e-01
9.481752965038244829e-01
9.580199746632188651e-01
9.991563848515443436e-01
9.993809322744759971e-01
9.996540645638275491e-01
9.963005367770755294e-01
7.293920986211179791e-01
9.987660645216175359e-01
8.644469028107264474e-01
8.233592595274656922e-01
5.530296858328070941e-01
9.900814057508010579e-01
4.788619944950218144e-01
9.829892655405803037e-01
8.700657229218878852e-01
3.704537653843945622e-01
9.484866141555873265e-01
3.839091467253664680e-01
2.739224669805725432e-01
2.705094811464785476e-01
4.889568119407613489e-01
6.635836324568906708e-01
6.331107568022824317e-02
2.077049330425295437e-01
2.519384546927127752e-02
5.998091882965441712e-01
3.971595494391018666e-01
6.514846138835215239e-01
4.712605626365844458e-01
7.669003233681578324e-01
4.050894843989049643e-01
6.618923085231991355e-01
1.000000000000000000e+00
5.753052614503272322e-01
8.298180661527106983e-01
9.241616402782468764e-01
6.967356627151263249e-01
2.352226705459054268e-01
5.780058997219485184e-03
4.531334211921296540e-02
4.847531591101735260e-01
7.427227524295045846e-01
5.724094839174687088e-01
6.598974119077239964e-01
5.201791587424944852e-02
3.228017274943422166e-01
1.086842618926369824e-01
7.755638402201133104e-03
5.879732540714772693e-01
3.516318389449032411e-01
4.353208890980898027e-01
2.682305773443617869e-01
6.362324447300795605e-01
2.005039958752501406e-01
1.503603011185147276e-01
5.167059344373512442e-01
8.430599170769581627e-04
4.418561076030187024e-02
4.861248833534706493e-01
7.429767148840045188e-01
1.376228590642122052e-01
6.042061793868302999e-01
7.885074479086442989e-02
3.057312058196871019e-01
1.000000000000000000e+00
1.000000000000000000e+00
9.843506594499699114e-01
9.554903801468279667e-01
3.779883924485303859e-01
9.505070816093423858e-01
9.643197716035035727e-01
9.849295263310575699e-01
8.303744944814064333e-01
9.047717252637677010e-01
8.041057726888529711e-01
9.083148605725638314e-01
5.961628425703382472e-01
9.991055735781528835e-01
8.159628174381312604e-01
4.428645734221964836e-01
6.973874692967382827e-02
4.597020194067384657e-02
9.754994798431951275e-02
9.054405507668542574e-01
8.095979923636756892e-01
8.959931628713337926e-01
3.265732365198329573e-02
7.710632931382394029e-01
1.765757422294416401e-01
4.489261251174060940e-01
3.099006691027719751e-01
7.007097942490020381e-01
9.073310432194330311e-01
4.528650312933157895e-01
3.107198285595184628e-01
4.284677016134698646e-01
9.436462607849641637e-01
9.973699316826936112e-01
9.949697917357995802e-01
9.331813335441665469e-01
9.997347617378372631e-01
7.248638257796841122e-01
8.566725170738623829e-01
6.779487310435563518e-01
9.985052151241565754e-01
8.904568913503869698e-01
9.926444995727572440e-01
9.820171674681357210e-01
9.877307356862388144e-01
2.515222836504188986e-01
2.775168784559409185e-01
9.177215505154365793e-01
2.529419594657720260e-01
3.780357108243962427e-01
8.348037081698459483e-01
6.738515935886223440e-01
7.369193337738610960e-01
3.667369328582067434e-01
5.823295251751557933e-01
2.405303698590417205e-01
6.528269294580509863e-01
3.577104536127584944e-01
4.570871595214632821e-01
0.000000000000000000e+00
1.374766512765458748e-01
0.000000000000000000e+00
5.465164631234396830e-02
4.200536369515748825e-01
2.032512046612341694e-01
5.529155769066159687e-01
6.341984301560381621e-01
8.855619627134635463e-01
4.895973481340181177e-01
1.000000000000000000e+00
8.146555342615888762e-01
9.962675633845237133e-01
9.496672645845334326e-01
7.144688025484724481e-01
5.331547774865345035e-01
3.958356667319687036e-03
5.890657141647842425e-03
2.105026744797693777e-02
1.865323493503690533e-01
5.295140076096681581e-01
1.812111449879071634e-01
5.998693181153171017e-02
6.327872637624302188e-01
1.155104487248849237e-03
4.160887173009468996e-03
2.955518661192415020e-01
2.130793043064272696e-01
5.114873021923445062e-01
1.000000000000000000e+00
1.000000000000000000e+00
3.225313038335373417e-01
3.971919352223863275e-01
5.942523629004423796e-02
4.531116094382432458e-01
5.859531785423783157e-04
2.573849335172644914e-01
8.600186736631056927e-01
8.243682282595824473e-01
3.579564356905487466e-01
1.436499788109242004e-01
1.511819547993259183e-01
2.856629175739174853e-01
9.107985411953655186e-01
9.047864845227748809e-01
9.619468684943898174e-01
5.137920578958543594e-01
8.226774329047401579e-01
9.643206832696326058e-01
9.766980860125347164e-01
9.842835170133166223e-01
9.917180872272747250e-01
9.362846822700970906e-01
9.037355768256793986e-01
3.841365422388742235e-01
9.988663094542250542e-01
4.994752932057973660e-01
4.044878712997427850e-01
8.128598653379937033e-02
4.395252219791983550e-01
4.879731181276860674e-01
3.500242293968433005e-01
1.106184631307987054e-01
7.810523522898765725e-01
4.850708062849193314e-01
1.438243616815926273e-01
6.004526609793798819e-01
5.639414988476419976e-01
3.963018443366860821e-01
2.500145497163750452e-01
5.023342531666508126e-01
2.826733167107597366e-01
5.691083619854873099e-01
9.515183838034370067e-01
9.569800389764975268e-01
6.407275835266931230e-01
9.989557922638284682e-01
9.993655904733772521e-01
5.637785569123059393e-01
9.750219726983613278e-01
9.731457990792116153e-01
9.219090551914365106e-01
9.955929587461082031e-01
6.468081287438501858e-01
9.677519232290463513e-01
9.329722261517027215e-01
5.169948317895557421e-01
8.088812058039053232e-01
8.690980746805917478e-01
4.208581315233505538e-01
3.863087084478370598e-02
5.483228767574136464e-01
5.948350372036211864e-01
9.956065912082227021e-01
8.433878290229146479e-01
8.658384532895840868e-01
8.652515493737139574e-01
2.403657312363814968e-01
6.881349568713945875e-01
1.227380382572823420e-01
6.185590523181130201e-02
6.942457712156813177e-01
1.179020167823579268e-01
2.801053006884247076e-01
1.038009419669330119e-05
4.257658023309989631e-02
3.207575181208858345e-02
1.703183668996723632e-01
6.763053574451614036e-01
8.080639209749398422e-01
9.293282512612424107e-01
9.352314951242217678e-01
5.572036554464961933e-01
9.913696380478448367e-01
8.035967172897876543e-01
4.096523010113230501e-01
3.539717289518407584e-01
4.953553754347126969e-01
2.191319288092937259e-03
3.742983339502771734e-01
7.865587021092663696e-04
8.783996880552287631e-04
6.204180081889873249e-04
3.811573007410245552e-04
4.134079206799479373e-04
3.152960907714097982e-01
2.340262642418212882e-03
2.225002500823778651e-01
5.195912109327297523e-01
4.133798158581750148e-01
1.000000000000000000e+00
7.680923921669746690e-01
7.404628206676179270e-01
9.792358002268043704e-02
2.714351197039661101e-01
4.979810974220394426e-01
2.208661359669676916e-01
8.503220852205706226e-01
9.937632374988472073e-01
9.731516936377198057e-01
8.015229057784664102e-01
1.017996090177862578e-01
5.394303671884305429e-02
3.752957832005436312e-01
9.677799842524438256e-01
8.006789537700357284e-01
8.826550171333017447e-01
3.149554820614309247e-01
9.269151428482877986e-01
4.560090160893192079e-01
9.735288522936262900e-01
9.841494449648747755e-01
9.920685977050172077e-01
1.000000000000000000e+00
9.999478215349947297e-01
3.786960524590285981e-01
5.569382204774649958e-01
7.987956932536485199e-01
2.022469489497964179e-01
6.082964385678464314e-01
6.800764795665338314e-01
1.172848136588380275e-01
2.103549517612507969e-01
6.472732306179630746e-02
1.781870262656524428e-01
4.211916142272567609e-01
4.624652558084457743e-01
4.224336807579633923e-01
1.837589169496265107e-01
7.785457372030545331e-01
2.101759809430026049e-01
4.651423361346649354e-01
5.777567070974259228e-02
4.377189805993334515e-01
1.227584940928247159e-01
3.088931514657118904e-01
9.472836443373082727e-01
9.599983983617149663e-01
9.723069226740641557e-01
9.882410000872380307e-01
1.516019228099360905e-01
5.079652430168668520e-01
5.834819946583229555e-01
9.061355024229755806e-01
9.751847082547613343e-01
5.908876442144772589e-01
3.574543617515895111e-01
2.864928518827403181e-01
2.947773484676677325e-01
1.148971959443565415e-02
1.395368122208614364e-02
4.488879800884054694e-01
5.207217174888416622e-01
8.465745636213727332e-01
4.102285981295286654e-01
6.637137463228741652e-01
8.556409748169802043e-01
3.388487648544402098e-01
7.063419983182434025e-01
1.696731596447297596e-01
1.229122635460281332e-01
1.543548306250444591e-01
4.825088498838282780e-02
6.238776066468478820e-01
1.309355065575977528e-01
4.940794579386548202e-01
3.502595766676670497e-01
6.156199114841571784e-01
5.528537345584252360e-01
7.308160415890847528e-01
8.346679486899192257e-01
6.110964384636323743e-01
8.969658409300066415e-01
9.063867808491076206e-01
8.058249599266691376e-01
8.183314865489992318e-01
3.290816834195772200e-01
1.815020967104666871e-01
3.034023717772642379e-03
3.779501618523335629e-04
1.700691154855351467e-09
1.610185599147989366e-01
3.941906765912934346e-02
5.108397094229463684e-06
4.198716112777732236e-05
3.552238301455757918e-01
6.387521502629667225e-02
1.199016828189947148e-01
1.950384824780175899e-02
7.552277699970056934e-01
3.122984332510256311e-01
6.101343542961842337e-01
9.981462505187432832e-01
6.683837064369375636e-01
6.829849651796292553e-01
2.545739155886925786e-01
9.081085577032982359e-02
5.537281050368568769e-01
9.998558223855128491e-01
9.999999773613715837e-01
9.999812408947675868e-01
9.125584682525869074e-01
3.372211202341353076e-01
7.665090703291613239e-02
4.047769229889378595e-01
7.880496688035279473e-02
1.595080214569330745e-01
2.167247836947617801e-01
7.687247126903723471e-01
8.589614372267887488e-01
9.628728619649253861e-01
9.737022167390633198e-01
9.873129930845335744e-01
9.956275049421293710e-01
8.817253752060641991e-01
8.962949747673618628e-01
8.537639904139883162e-01
6.919263635353086750e-01
2.885087637276794736e-01
3.368329241807898056e-01
1.646721588494527710e-01
2.747461780284751187e-01
1.867854820149489892e-01
2.367678241477590151e-01
3.888332004992837154e-01
4.264540533400068556e-01
5.942096015743753012e-01
9.120735845536807052e-01
4.789208432959092820e-01
7.897674475286312612e-01
5.289511948436336208e-01
8.993809148809047693e-01
3.800407159927688405e-01
3.194602921348175806e-01
4.224562149914621867e-01
5.430125022659928469e-01
1.340650164848561365e-02
1.495797469990280404e-01
6.750345286328837124e-01
2.857299914781785133e-01
7.275509402161710604e-01
7.451953470234832233e-01
2.064144272459954854e-01
4.576247833401578258e-01
2.088219350622179948e-01
8.125146331201364980e-01
4.219542203551610582e-01
5.351806982793368972e-01
6.438458457209028651e-01
6.428605359058663371e-01
1.190215196997745223e-01
7.875902352111719502e-04
3.128786608221230670e-01
3.082392537913392627e-01
2.537537240267493943e-01
6.011797176526236797e-01
9.072027432862719287e-01
7.146864671364572263e-01
6.780956578734329554e-01
4.657985162881314589e-01
4.212212019183356748e-01
2.283154358036316167e-01
7.779356954536079671e-01
7.196017915223708039e-01
1.422870249345830618e-01
5.359042882158422394e-01
4.257501534410965682e-01
2.533757335331412140e-03
1.887171571622755228e-01
2.442967295652106741e-01
1.841045090855385480e-01
1.724898380016708366e-01
5.335569410141938196e-01
8.064754820070767494e-01
8.598849704823564588e-01
7.131056792399907973e-01
2.813228044886593171e-01
3.499121629838587433e-01
4.442943245193084131e-03
1.782447427654281213e-01
7.547473644663020304e-05
0.000000000000000000e+00
0.000000000000000000e+00
0.000000000000000000e+00
1.493135232878791765e-20
2.427423547831733808e-01
3.480424163220611766e-01
8.817238849702483533e-03
2.733625858075267034e-01
2.976452925511388278e-02
3.522985783535664828e-01
1.899079297017748635e-01
8.750475282537065747e-01
8.843219877833394804e-01
8.633245100827376950e-01
8.120159946682988794e-01
6.272088169452080253e-01
2.141003593260608438e-03
4.707019233435852032e-04
1.000000000000000000e+00
1.000000000000000000e+00
9.051613896493495570e-01
6.135389792893798377e-01
4.631260837927662077e-01
4.039461732626039581e-01
1.781626696637551160e-02
2.530941008758654798e-01
6.855550789691557956e-01
3.031185742467136790e-01
3.911507004844265167e-01
7.944931824811996002e-01
3.820269466119931012e-01
9.815610425317827792e-01
9.927172701393069953e-01
9.997324590498727348e-01
9.995158819168130648e-01
7.987163788241811169e-01
4.590528812958410421e-01
6.208208804337836950e-01
6.025664205751385394e-01
2.096835513384422423e-01
7.009201260200693673e-01
3.791398983979494819e-01
9.066651006814965275e-01
9.118663259996611092e-01
8.133484832161507194e-01
8.117025251605614056e-01
6.659114758784970833e-01
4.744471111283568576e-01
9.624063658007098176e-01
9.842699528106080287e-01
6.391095076453332524e-01
1.365068463765134743e-01
3.728378804281579778e-02
3.708566925370493372e-02
2.433080940060237674e-01
4.562842823462948671e-01
5.429621160438212121e-03
3.229749339321471568e-01
1.339763749025143502e-01
2.315011138047551320e-01
3.727421074176210380e-01
1.752223260711123221e-01
5.605959178099650941e-01
2.502384776523408974e-02
1.059433972680550590e-01
5.380601045342640054e-01
1.035841529672764001e-02
8.477629696121720126e-01
3.671107474096109713e-01
4.832689884271082481e-02
4.748668655156257357e-02
2.961153732407781889e-04
1.218149092020257840e-01
3.049143153565157371e-03
1.910216893608575328e-02
6.937420334795504351e-01
3.303580308592414805e-01
2.906639950976823150e-01
1.307686816134219776e-01
1.162992545692632246e-01
1.420764190370820967e-01
4.569561529998386051e-01
9.910687275785736716e-01
9.814576684395921458e-01
4.834312295465936216e-01
8.998777671382847121e-01
6.684887983244456322e-01
4.334998016994772718e-01
4.547393802377238115e-01
2.229995687381615133e-01
3.225062787877278625e-01
4.482641821300166474e-02
5.283974272554394780e-01
2.461282242690469302e-01
1.342585490775881629e-01
8.566234523277528323e-01
7.910119497474586980e-01
6.105223473323231342e-01
5.203284323715633847e-02
2.883089189496478109e-03
1.837389008746245517e-03
1.226266793708328173e-03
4.004743416005605435e-08
5.005573130479569199e-01
1.680638751870731085e-01
0.000000000000000000e+00
5.879770696260250284e-01
2.413079233880222885e-01
6.168313307780786126e-01
8.206700883904808341e-01
7.077428526262222186e-02
5.499218677536645006e-02
4.305022526644735614e-01
7.974764094587951657e-01
7.455116026610650870e-01
5.261839631179903165e-01
3.257820256411031457e-01
3.825389764001001502e-01
7.486837286651074064e-03
7.448264576172768381e-01
1.000000000000000000e+00
9.999998546552020251e-01
9.886216035543412550e-01
3.531232674522633008e-01
2.613998561780689900e-01
7.253035724129714215e-03
2.735844580193352166e-02
2.088829448232157049e-01
2.506833665644406794e-01
7.317474629496475425e-01
5.972512404257017682e-01
3.946798541282910966e-01
9.966442915364848165e-01
1.000000000000000000e+00
8.423259841254528979e-01
9.982903074898921147e-01
9.876014213924122487e-01
3.809664424802732263e-01
8.028585251911040110e-01
2.261336656678696877e-01
2.940976102406792081e-01
9.997676748077473086e-01
5.790925020028601100e-01
7.230666265714118524e-01
3.690620426894266060e-01
9.925103592240133166e-01
8.711964846112469907e-01
9.950085498991950717e-01
9.874516207028015691e-01
9.821827557378912665e-01
9.695702653937993132e-01
5.016084645190265201e-01
4.283513473216183920e-01
1.152603512162873045e-01
5.776191945061022182e-01
2.461285571481086065e-01
3.446935610834103714e-02
2.300622223651449874e-02
1.986328494412964094e-02
1.983649938965064904e-02
1.815308699912513216e-02
3.788754812395819793e-01
4.820655189464738144e-01
2.040915331507551014e-02
1.666545367274217815e-02
2.161623806202788572e-02
3.359806449445323362e-01
3.244717843341853730e-02
3.224896960133168122e-02
5.656753865298130846e-01
3.904288464069736175e-01
5.865209947036530425e-01
1.195190380065336354e-04
2.286455266794782115e-01
1.166847202508714378e-03
1.732993950633892818e-02
1.618126482075336603e-01
7.857969634928687608e-01
2.522001994532332980e-01
2.829234297302778423e-01
9.090522819957309597e-01
3.340466096556152231e-01
5.820762456184895850e-01
9.969191531482380908e-01
7.507729024306282195e-01
9.970464210746642353e-01
5.569138587031268184e-01
5.143620113729634458e-01
6.708414716388862997e-01
5.932717837877110600e-01
2.689903298884163728e-04
2.117151255801172360e-01
0.000000000000000000e+00
5.435008898144878531e-01
9.792865168831747791e-02
2.643860621248861897e-01
5.613588658862120884e-01
6.667689084358759954e-01
8.868183309994900343e-01
5.580961027553690140e-02
1.174975358833467848e-01
5.389298733057892310e-01
5.754043481742959765e-01
2.845667361278393925e-01
3.624185420952609760e-01
0.000000000000000000e+00
0.000000000000000000e+00
6.306127687953345662e-01
6.669652245769868149e-01
3.826009838213896841e-01
4.659656862186333792e-01
8.781849434407166255e-01
3.657561261278432507e-01
4.079060462326752345e-01
2.795396162161934983e-01
9.815729617859142442e-01
8.797914267252425757e-01
8.427049821825390863e-01
7.998225661600206760e-01
7.524968462455843277e-01
1.000000000000000000e+00
8.913991970215624505e-01
1.000000000000000000e+00
9.950605009481843233e-01
6.481595976809778614e-01
8.417757572875302075e-02
1.014827711683689432e-01
6.986261568730506299e-01
5.539705151469269673e-01
9.655376236761759046e-01
7.460759688346573215e-01
7.425932539620283546e-01
8.766788921104849974e-01
1.000000000000000000e+00
1.000000000000000000e+00
9.999364469509257614e-01
6.645116691485893901e-01
6.849893414029771810e-01
6.762550997709025902e-01
8.716373468694141868e-01
3.201344633002399243e-01
9.665466409668705960e-01
9.981782077891023786e-01
9.864659102881508934e-01
5.174293666079293752e-01
7.752855330847541193e-01
8.752329485649376073e-01
8.886967248822785770e-01
9.953111773841359922e-01
1.000000000000000000e+00
9.968713939442527261e-01
8.588614847466830016e-01
6.970463000408448906e-01
9.507253195107898680e-01
4.279763119233584434e-01
5.328399704147371851e-01
7.424505958320379295e-02
8.754937200162561661e-02
2.119999525618022906e-01
3.177537393054833542e-02
3.112971419815912522e-01
5.302806683111989106e-01
6.784327760941609442e-02
1.356076432927214026e-02
2.227085883795930643e-01
1.105054586309910103e-02
1.511922627884229771e-02
2.491825488776253442e-02
3.552174765748421503e-01
5.147784880512654704e-01
8.301987058584230361e-01
6.078874690718608642e-01
7.357577279257897750e-03
7.954169451766651135e-05
4.612177866689968209e-01
6.167972787272092416e-01
4.220457373060045314e-01
4.224700633024403018e-01
9.012099033567629869e-01
9.359400504426793610e-01
9.303937132476327587e-01
8.008293839901557964e-01
4.909331238672731135e-01
9.879101838632927679e-01
5.743103406696583590e-01
9.997591991664093181e-01
9.998557305697463038e-01
9.614904886781791005e-01
9.013659844002016586e-01
7.162790207629333994e-02
3.457670053190839976e-01
4.865562525935643312e-01
1.272497081830270271e-01
4.365414491201530939e-02
0.000000000000000000e+00
0.000000000000000000e+00
3.934656175756857110e-01
4.496972384910001841e-01
1.021076089386243752e-01
5.622698183984740083e-01
7.921589792761235538e-01
1.932651505931611002e-02
6.759176640785170553e-01
6.471714715420183728e-01
1.712826546996277788e-01
1.791387116602280796e-02
3.593047830421605138e-01
6.206163181740623758e-01
5.504627195171288290e-02
5.978597269436297656e-01
5.045521309889988704e-01
9.967463198623637277e-01
7.875936830713559100e-01
7.671088138302391002e-01
7.893714482318020531e-01
9.228755338558197741e-01
4.966621141174482612e-01
9.810968037678102771e-01
7.408970028812805753e-01
7.457271012306341262e-01
3.458301085273072228e-01
1.000000000000000000e+00
1.000000000000000000e+00
1.000000000000000000e+00
8.127779925689014862e-01
4.631876790889024598e-01
2.161135309165624838e-02
1.454888507188052960e-01
7.086271708834793182e-02
5.172917123096614223e-01
1.000000000000000000e+00
6.847119551480586042e-01
8.962546032865050805e-01
6.920821886130935630e-01
1.000000000000000000e+00
6.655167006170807920e-01
9.999999999996612710e-01
6.134502318662951037e-01
9.646202703417796620e-01
2.500150919572198815e-01
3.335140760887507216e-01
7.093176766606280603e-01
8.709651053837514922e-01
9.996889303867291243e-01
9.999457868650745151e-01
9.975674017038641539e-01
9.890570601818882146e-01
8.362400746733151813e-01
9.981707323081799865e-01
1.000000000000000000e+00
1.000000000000000000e+00
9.092315280049262372e-01
9.974859071901299723e-01
8.848956283679699775e-01
8.713906716417635367e-01
4.379308888017889867e-01
3.819810417138922443e-01
1.480174323821329130e-01
3.959817577389487253e-01
2.662922210511687870e-01
3.974076830741670591e-02
2.349800606874995895e-02
1.569392837555219980e-02
8.929695701123571694e-02
1.842241952559739160e-01
6.569080214142307764e-03
8.140372514972018039e-03
1.254572929650715415e-02
2.421633753590688998e-01
4.446633056261859590e-02
2.091010312747620670e-01
2.778052549706763741e-01
1.802781000799590638e-01
5.441340679825865667e-01
4.015309382344587896e-01
3.357830275078363957e-01
2.242088395489779187e-02
6.204728258562330900e-01
6.267100954844713190e-01
4.932664268041374589e-01
9.303093793152559243e-01
4.547590246694911409e-01
9.115313119383486873e-01
2.934692007154431903e-01
7.674169211003274427e-01
6.809689839404248213e-01
9.137040733566585970e-01
6.302510592783789889e-01
8.581761149441575753e-01
8.814913180094188228e-01
3.366360006874519750e-01
7.837270345155274986e-01
2.528809067861897408e-01
1.625443344896878054e-03
2.483852102520459179e-04
2.097470763161188856e-01
1.224099372686335285e-01
4.208566038801358892e-04
1.464766912835008816e-01
8.915006855165692745e-02
1.364164117966613909e-01
7.032127887791406184e-02
1.434812660717220689e-01
8.618191228627904987e-01
3.491488385941989847e-01
2.790341885011882739e-01
2.033873214626606696e-02
1.342401796496919993e-02
5.452800556331013349e-01
2.344382820386415878e-01
3.827135377511837744e-01
6.492090152139764481e-01
7.366618422437432034e-01
3.044439061261011714e-01
2.728714117732033428e-01
8.590053750824440115e-01
9.499837503067245503e-01
8.901914306240984454e-01
9.851873731834842607e-01
9.639248551554621125e-01
8.293394100523066026e-01
8.645284319787023275e-01
7.551114540358042637e-01
9.813351805665584404e-01
9.999776852572673791e-01
9.803878580690017497e-01
9.321435040689332596e-02
1.639206279649941811e-01
1.878734024184202933e-01
8.510993110512240500e-01
8.434497817683781484e-01
1.000000000000000000e+00
1.000000000000000000e+00
5.010217425906755562e-01
7.122413174120879598e-01
8.597776499435716424e-01
1.000000000000000000e+00
8.656087911485871311e-01
9.829825639592586484e-01
9.556845735556083188e-01
4.344435962649383920e-01
9.455677849652145417e-01
9.133683231156373150e-01
9.980533248235674559e-01
9.999482319285399878e-01
9.987040680236658474e-01
9.848016388506068974e-01
8.347854657289821567e-01
9.676883378678132752e-01
7.165380653251889331e-01
1.000000000000000000e+00
5.954650346351885171e-01
1.000000000000000000e+00
9.995997762160065969e-01
9.850854001738978960e-01
6.516888300316577842e-01
3.440101695318357744e-01
6.273207405263943048e-01
7.251014368198933635e-01
1.555279843623995351e-01
4.373590068007818799e-01
3.519245307653237620e-02
4.834482027321708453e-02
6.419544662088255867e-03
1.857898417673223453e-03
5.820293071210808121e-04
2.526221931176505196e-03
6.904229299212329835e-03
1.244690793138253718e-02
2.353765955821269032e-02
4.928530419568529219e-01
3.083645552207210372e-01
3.578223384820836128e-01
1.082877316631212644e-01
7.770908931582769519e-01
7.293812829124953767e-01
2.177281307042260305e-01
7.230484528971101721e-01
6.842601980486431312e-01
9.981533432510958370e-01
7.279330835920486686e-01
9.054390366543496604e-01
9.680638533188427042e-01
9.193568920311104842e-01
2.656826755933608397e-01
2.515019477564269801e-01
5.123530206841571122e-01
8.985117922351518738e-01
3.858891710531458519e-01
8.723522566366974651e-01
4.857205271610947062e-01
8.853014690152878341e-01
2.534486223061243049e-01
6.303898232084622633e-01
6.341653165664750194e-03
4.828419346280669044e-01
6.203845546613425462e-04
2.418511622761244095e-01
3.610224630637391963e-01
1.286692589555907436e-02
5.711494301571100329e-02
1.160036851907449706e-01
6.759894801212245063e-01
4.819052463461904745e-01
9.007446342099098002e-01
8.426634256580777249e-01
3.182859006853751560e-01
1.227743035788907838e-01
5.714741575319680633e-01
5.033517320695898301e-01
8.961569870434443752e-01
7.401134255674676199e-01
9.967053837070678490e-01
1.000000000000000000e+00
1.000000000000000000e+00
9.528119762593766362e-01
6.894365494980192466e-01
7.599202981124709710e-01
9.789104059155601112e-01
8.801891046564666032e-01
8.987529131649107939e-01
8.982508641945150529e-01
3.227312292076585654e-01
7.738734653781245143e-01
1.000000000000000000e+00
9.690637843606998425e-01
9.630334986576628564e-01
5.111024198111288053e-01
7.870257593517563377e-01
9.186676998707280495e-01
8.899735829355560623e-01
9.299094885164747026e-01
6.603684673243216396e-01
7.666712445321023361e-01
6.596876263622408754e-01
7.054870179749419545e-01
9.996340985816969393e-01
9.964276315233137060e-01
9.368137129449821687e-01
8.120822966365639495e-01
6.055518487174137432e-01
5.411671062360570161e-01
6.168246205932579329e-01
9.832448371954276567e-01
9.936888286783055468e-01
9.964940073239365592e-01
9.945023937050669893e-01
9.778997985911578317e-01
7.403477301210856787e-01
5.347554333831159301e-01
9.300467322774351731e-01
8.543205713942891855e-01
9.087674966480652206e-01
5.390645940707194939e-01
4.497255720163835235e-01
2.060766036543567881e-01
2.234217021439675321e-01
5.942787783610296026e-01
6.486026135462062969e-01
8.059858378910629284e-01
1.348981319428496362e-01
5.051905698132663769e-02
2.402870041448348926e-02
8.008453629592912973e-03
7.410596220084865677e-04
3.024265673277440358e-04
1.709070623484106499e-04
7.898649491145248724e-02
1.716856725730578070e-01
2.179389107439914930e-01
3.394570578690329216e-02
4.426465781023710550e-02
4.076856527166937694e-01
8.384146929991109776e-01
3.335849656450439737e-01
5.058836139255341591e-01
7.211238020147712202e-01
9.809414266748615052e-01
2.072653241975516147e-01
6.686402765018946148e-01
5.225554937393024346e-01
9.990324643681510741e-01
5.789142077274244125e-01
7.918562443047805210e-01
7.142639296933230852e-01
7.656375002000145313e-01
7.069159649626433062e-01
6.599635973504738296e-01
6.547088933700399016e-01
8.180342223013258307e-01
5.631499601290417267e-01
5.620547266684351451e-01
6.569898324187828376e-01
7.929670541164296482e-01
7.922603382719284326e-01
7.726691870703485954e-01
1.364516392711444780e-02
1.273512630313367588e-01
8.694685068033371211e-03
5.150262523527122660e-01
1.830326512320732540e-02
1.721965916069858882e-01
2.313829246343502566e-01
8.049090766755236936e-01
8.854271323348966716e-01
7.500235732692325241e-01
6.156479633102337479e-01
7.623037002804053941e-01
4.896162233767201721e-01
5.476715048969228450e-01
1.367775700444615328e-01
9.233512368502896361e-01
8.063675726047997427e-01
9.731059565842755665e-01
9.747787864586074935e-01
8.003219047741425562e-01
8.946209580509167925e-01
2.837414397568142066e-01
7.594367122660925506e-01
7.510997890417819844e-01
1.734403939559595598e-01
4.399580018803173065e-01
6.128824444473333520e-04
7.349016801187334691e-01
7.809225449687166032e-01
7.463149533447173134e-01
9.903475454063689343e-01
9.635496559476153244e-01
7.157708848859654083e-01
4.682195016562842871e-01
9.779726388822812533e-01
1.000000000000000000e+00
8.134230708063054927e-01
9.998159215585828985e-01
3.274353712641344671e-01
3.815357584095508958e-01
7.311978325535524181e-01
9.978870540668102196e-01
9.993921317102204549e-01
9.282655254859608629e-01
4.389239321161132468e-01
2.835727933809956136e-01
6.502792759577499249e-01
7.174014328150889463e-01
9.205260316041847801e-01
9.928936772326351079e-01
9.943345610339848761e-01
9.940474692109820820e-01
9.759967237707938281e-01
9.432384656485415242e-01
8.736208249979257046e-01
7.220714276636200912e-01
9.653320484665858792e-02
1.445312152628912272e-01
6.644783123714774753e-01
2.618854731233546951e-01
4.678836637289304212e-01
5.852532739495827120e-03
6.760660963333565698e-01
7.911241823108813298e-01
1.600615627388698170e-01
8.543187997546666801e-02
2.342661402415905647e-01
2.368259765041207457e-02
1.023284727583157958e-02
1.071516344237194440e-01
5.918549357589068327e-04
3.454716852738761368e-04
1.001621032485518247e-03
4.472879593590109448e-01
5.746114402136645039e-01
5.610067022439412243e-01
3.045084211825954679e-01
3.515543608717773827e-01
3.861111665394101333e-01
3.338379478087381558e-01
9.599543108468195918e-01
2.660588757977297436e-01
9.950502891507287950e-01
7.970000339802369993e-01
8.483855885412342479e-01
5.116855006821441343e-01
7.367941960482237151e-01
9.965519655188010972e-01
5.888383977603109942e-01
7.837376984469203167e-01
3.925914860459672195e-01
1.033621682838433559e-01
6.516579042839667490e-01
4.009306606611456325e-01
6.116500381972347355e-01
1.724107037118415564e-01
6.462243139482714005e-01
5.089128324614894394e-01
5.190986621858321159e-01
7.442929599867071921e-01
8.946072221729991503e-01
5.860097231816752128e-01
1.347709383112590809e-01
8.278997452556243752e-01
1.001797284953592077e-01
2.637877299919681451e-01
6.965242861385940731e-01
6.542670428876509181e-01
8.241347437534141118e-02
4.254216233138231607e-01
8.517269250844059503e-01
6.722367259472897816e-01
8.384011224249526828e-01
9.999304842616593136e-01
4.023936581934167145e-01
4.796039465651234512e-01
9.711769483759479238e-01
5.680629340573968289e-01
6.743400159610030142e-01
5.735581003117956600e-01
8.852967202236782240e-01
1.539788835933659505e-01
2.381998989080055529e-01
5.613904271065899010e-02
5.853959666022844344e-01
8.270110441774349312e-04
6.293365963395042284e-02
4.031844753475963619e-04
6.126096402771253890e-01
9.295056315423597670e-01
8.381855200781075377e-01
9.476102659051350852e-01
2.575439847811544780e-01
3.838107212727260853e-01
9.736267248640817495e-01
9.984334113245736386e-01
9.999999999997717381e-01
9.644003630202609978e-01
6.232654078365289507e-01
9.961006492915139843e-01
9.427940094588431741e-01
1.972015710740225580e-01
7.779683612980153873e-01
6.549104820775784042e-01
3.432632249647648570e-01
9.994989563920554376e-01
4.984795307659308228e-01
9.410018686256198528e-01
6.896424478813896197e-01
1.000000000000000000e+00
9.803156754239817916e-01
9.663551357370652184e-01
9.368304959304030177e-01
5.291004001871014717e-01
8.278005291479487715e-01
6.047804970180445938e-01
3.079384763548790871e-01
4.931762185189448311e-01
6.612966625249647734e-01
6.290803307545993484e-01
3.934690950174249413e-01
4.435796260966122229e-01
8.787244847061449760e-02
3.408502875660264220e-01
1.853599025747470694e-02
3.442225031787377043e-01
6.343614435590823053e-01
7.575723900676517575e-02
5.359509603227887720e-01
3.414950364640667035e-01
2.352531735493028353e-02
2.640985945351899834e-03
2.658051024769536030e-01
2.528197478878539961e-01
3.728067676564767591e-02
7.280708585539208411e-01
2.269292644900824107e-01
2.883778482884098993e-01
4.569588868926569569e-01
1.238905586289483912e-01
8.586041231292107501e-01
1.549680214762325370e-01
8.486796080284185750e-01
8.901218671461411658e-01
4.140465327170805288e-01
9.981844838590426816e-01
5.734061910073531276e-01
6.291893892182378600e-01
3.149406127760578378e-01
2.466352821720810551e-01
7.806828019002652885e-01
1.929555209634108703e-01
6.119800113523778951e-01
4.767957277323326415e-01
5.770026694593344274e-01
6.500415699587958063e-01
6.249284778668363627e-01
2.939611348673370483e-01
3.057897109886870135e-01
6.686703319589122341e-01
4.395363571502220457e-01
7.864907589786628295e-01
9.427550449270984956e-01
9.260001378047481024e-01
3.467419011384738625e-01
7.961420412419273340e-01
6.104623841676501961e-01
2.156892897057944847e-01
5.141195411222487799e-01
7.722300159821893217e-01
4.904517861076897467e-01
5.343710556251749511e-01
6.965043736502314342e-01
8.476715790658314598e-01
1.000000000000000000e+00
1.000000000000000000e+00
9.929137934279512745e-01
9.727940738663104492e-01
9.588178021209599056e-01
9.475747239598638627e-01
8.995551673646416946e-01
4.979705569342351423e-01
0.000000000000000000e+00
3.409686206752720605e-01
6.257651221695735805e-05
4.060728999678808043e-02
2.254976655699831856e-01
2.623105321713235790e-07
6.537083120436694428e-02
1.350471328664797598e-02
1.843807286368206733e-01
8.489042296927749032e-01
6.321056258355679525e-01
3.895631726388095739e-01
4.660107047056861185e-01
7.459562433418217564e-01
9.992893289961481962e-01
9.991624817809315884e-01
8.900461012318143794e-01
8.403487223059058486e-01
7.736183944510327537e-01
9.001882362551740790e-01
8.698020873088686544e-01
5.234904657263642624e-01
5.397278723547067614e-01
6.432488231127978517e-01
9.597990197001524670e-01
4.530424490673986559e-01
6.318798217325540811e-01
5.370485909775967182e-01
9.969510612301042407e-01
6.954683886315766728e-01
8.778310463718469459e-01
1.982484546960606442e-01
7.649091065107027632e-01
7.269710141176858320e-01
1.917302780511151994e-01
2.560623520491617788e-01
1.824942319169256533e-01
3.579871742289263969e-01
7.161168988021496817e-01
8.455214103541701665e-01
4.320346554129145811e-01
6.260403702309335072e-01
7.149872388130651402e-01
3.783248192026543166e-01
6.228377091164329776e-02
4.899108864660901563e-01
1.088509914759557412e-01
4.452356642415537524e-01
6.610049308217397224e-01
3.892572066818635323e-01
6.585187764215925943e-03
4.214494343439863511e-01
7.489490169748824755e-01
2.401983115053670792e-01
4.510750978598642158e-01
6.543557402404838186e-01
9.832308671125117305e-01
2.614355943208270250e-01
6.099344505876765909e-01
1.000000000000000000e+00
9.999999999479570745e-01
9.891483920806993790e-01
6.523815956065179833e-01
7.987525399227317635e-01
9.510641581441321435e-01
4.387220079430632080e-01
4.052113471023668367e-01
6.272834058882570396e-01
7.733286482942911544e-01
3.569785500655435206e-01
1.190972666962750448e-01
1.343481382548203720e-02
4.054658356206323200e-01
3.058450833227911725e-02
3.347189043509553597e-01
2.725463124405081913e-02
8.302945167325180564e-02
7.919144053528093252e-01
4.347446684536856454e-01
1.000000000000000000e+00
7.871935869839655764e-01
9.828236600625225305e-01
5.032749182301023971e-01
9.598830741888046969e-01
9.986794906510908509e-01
9.224302457757450613e-01
7.121073336588200631e-01
8.952434669218558572e-01
9.923687591983316736e-01
9.635723138919073394e-01
9.362275344836277213e-01
6.091274869152523141e-01
9.787352167524870916e-01
9.999589417838758987e-01
1.000000000000000000e+00
9.490726668229719776e-01
9.797310506948335718e-01
9.310676409553141353e-01
5.991691889474083377e-01
8.648350023937932951e-01
4.542965306979072082e-01
4.142107312907910011e-01
1.009921755463407973e-03
1.510175677560866186e-04
8.660878955626745423e-02
1.484184647255647471e-01
5.172989237386577122e-02
6.069014638402441333e-03
2.227537909935721830e-02
2.292877987261321415e-01
1.125985789649775054e-01
5.009828433736309705e-01
4.172965822760844601e-01
8.455160477702452493e-01
8.848298598955722793e-01
7.494713791608368370e-01
4.253318235399931591e-01
8.385921078741289669e-01
6.266374382414255928e-01
4.746147275437258006e-01
2.169654906290362228e-01
4.358241753406611463e-01
3.929437526219761029e-02
5.433446086756088533e-01
9.838221793624574163e-01
1.849515580536105486e-01
6.216189625049065581e-01
5.689001076196166240e-01
9.931425191266300967e-01
3.523896427012362387e-01
4.804454708040058475e-01
8.738082922164392974e-01
2.837141846943296852e-01
2.202076750501454905e-01
1.147452851786896072e-01
3.007629563346022050e-01
6.163387411354935841e-01
6.506309102162778357e-01
3.991510726170273693e-01
1.207435028539209920e-01
7.554987104837620482e-01
3.178334462119197235e-01
8.204402174644741530e-01
2.352775393376807522e-01
4.749489533030647193e-02
4.242118053111212927e-01
6.594188284588524684e-01
5.217428995258818203e-01
7.360712135219744656e-01
7.383778747335130177e-01
3.529332576108181740e-01
7.653897942025403855e-01
7.176335902710575532e-01
8.775294309248073965e-01
4.181920237123661899e-01
4.384727565073109345e-01
5.734324892247998351e-01
7.480078231981934778e-01
2.269586251152137524e-01
7.004254836020677999e-01
3.257383307780696291e-01
6.732350830278308607e-01
1.000000000000000000e+00
9.256278623737931310e-01
7.933230261078720869e-01
7.619227560309186353e-01
4.938387707674485316e-01
8.499880462617764865e-01
3.195092055228667682e-01
8.196070556245989014e-01
1.163404590973578928e-02
4.092168211198341510e-01
3.618255215274775345e-04
4.939607295199339998e-02
8.452988261443592291e-03
7.238498568104440554e-03
4.636021737516296884e-03
1.302273367734552503e-02
6.487062625388619053e-02
7.555405892906547072e-01
8.240329821815759459e-01
9.967811241251396392e-01
9.226879082472575488e-01
9.775844383410124960e-01
8.048673788910121196e-01
1.000000000000000000e+00
1.000000000000000000e+00
8.940077802782920857e-01
9.882130891626681457e-01
9.999999634850802455e-01
6.461827980523294768e-01
7.905242234997207351e-01
7.692948552055971501e-01
1.000000000000000000e+00
9.996848961376519904e-01
9.994566653915805121e-01
9.930636188845316514e-01
8.561061632001286670e-01
4.411163649689979760e-01
8.756119082764564077e-01
2.121866902706658620e-01
7.112669947639514989e-01
9.116923077678393272e-02
5.146543680082182361e-03
3.697494427269752415e-01
2.995277897348715967e-01
1.023221480880424067e-07
2.136377060694670260e-01
5.436036780237405927e-03
1.557806144840857832e-01
3.412909549082998040e-01
6.110779426053920549e-01
7.062589836645685182e-01
2.465184716848563273e-01
7.837719321031988429e-01
4.768230146963698957e-01
8.929167484063367244e-01
1.940827663886412202e-01
5.738267646046836257e-01
3.121692840791278067e-01
6.318559004385024824e-01
6.637880271282490252e-01
1.166583455673340375e-01
1.303443532198581001e-01
5.955958707806986441e-01
6.236187657177476307e-02
1.229711187057551947e-01
2.447770652380470147e-01
5.796815142441078539e-01
9.685851162784071544e-01
9.068687533838697412e-01
4.253597152828165751e-01
6.836766330338553965e-01
7.494894550157898960e-01
7.490931184054749892e-01
1.770830072358267615e-01
1.038815009238383824e-01
3.695329871125051513e-01
1.885533017333836103e-01
5.966977654066654146e-01
3.337963386031569391e-01
7.365508198553503139e-01
3.728221098654009857e-01
9.251272185818997240e-01
8.486462165209873731e-01
7.643452941876272000e-01
7.026266561000362731e-01
5.189463369586082564e-01
8.334657445757575056e-01
3.493060170058909231e-01
6.750159045634687160e-01
6.842667498828168826e-01
6.045773217381186226e-01
5.640497354125798557e-01
9.679703398674456283e-01
9.562733589002055945e-01
5.895378357884919485e-01
2.382169855702363781e-01
3.356626690439437621e-01
9.253343106953615393e-01
9.760724401150757679e-01
3.871941588599740469e-01
5.777191613693857253e-01
1.620415609400905343e-01
9.994216976482552806e-01
2.324459263458217018e-01
8.969503796501880899e-01
5.755389730527870062e-01
7.442963100668076315e-01
4.028362764708991461e-01
3.908723217167449637e-01
4.139170012180971581e-01
3.403442093526291012e-01
1.494954308015996880e-01
5.514730892133828943e-01
4.921030986619693778e-03
2.897447690788242936e-01
1.408466131675220352e-03
2.749097096416492671e-03
2.516345416464909474e-02
4.455995387521283213e-02
4.451706335734439968e-01
8.910094064932615465e-01
9.463937666793204029e-01
9.329681305881682984e-01
9.623950296555155992e-01
7.708870910626679507e-01
1.000000000000000000e+00
9.509832006033694940e-01
9.875857314678364585e-01
1.000000000000000000e+00
1.000000000000000000e+00
8.682951631961493000e-01
8.466758086373507020e-01
5.345403006583154815e-01
8.741024226207515513e-01
8.696712460401205824e-01
8.727165665012170948e-01
6.159712079931231044e-01
8.884431033021017443e-01
7.861718057632194334e-01
3.246013227086055331e-01
4.089916595534584531e-01
1.772779221483034295e-01
5.650357582155186575e-01
9.647138274377048406e-03
4.689406938685591734e-04
4.502204842368234633e-08
1.103903909947026990e-08
4.314029582977460184e-03
3.159432312729036629e-02
5.600527219375973642e-01
2.116407338620739098e-01
5.957089262449162259e-01
1.282339420032552191e-01
3.281171013766898681e-01
3.283260616051687508e-01
0.000000000000000000e+00
1.008651737091199041e-01
6.038430131237203513e-01
3.444589295378833738e-01
0.000000000000000000e+00
4.731906677545706930e-01
3.572687272331217384e-02
4.535294146975927809e-01
3.481981303802154926e-02
5.945559848744244036e-01
6.386034680782365358e-01
3.370321329177864977e-01
5.447731130253681275e-01
4.383327407604443171e-01
1.062595196760068306e-01
8.859367007290100404e-02
1.838953339037117662e-01
2.795409410759522317e-01
2.241649237668978945e-01
2.466291768539535245e-01
2.384879231275919276e-01
6.309997517458701966e-01
9.054213321462748487e-01
3.337757928629871418e-01
7.954666854763409178e-01
7.912522290150613147e-01
7.539512505849375046e-01
7.338527796441826068e-01
2.736599101185476779e-01
1.657590964141447964e-01
9.705603583155452130e-01
3.971839922103490572e-01
4.980091368463336887e-01
6.995216287681773615e-01
8.974743660297972436e-01
3.388471346033462561e-01
4.596076354510363338e-01
5.642754244306986688e-01
3.710224640798046036e-01
4.673883259398392553e-01
5.728971569520280305e-01
4.547256520136575553e-01
1.023408299159413032e-01
8.608927177072416281e-01
9.445584730076184155e-01
9.747167109072595315e-01
2.838627086042517234e-01
2.863686941270863207e-01
4.489793257746856336e-01
4.225329849752152978e-01
5.211620220729645814e-01
8.263825330310723416e-01
4.894671288810690246e-01
5.527454405281667649e-02
4.987494806595059726e-01
7.314126409094535708e-01
4.339271367214808106e-01
5.983850588688064409e-01
8.992611157169141944e-02
1.421303504862660994e-01
6.074406500631947953e-02
5.625718085243225364e-02
2.209917266053378591e-03
1.086821765192985158e-02
6.676186632352705264e-01
5.409479609063342354e-01
3.815861063742332915e-01
6.937587197263184180e-01
9.290025867034679141e-01
9.230861746950466129e-01
6.211281020656880258e-01
9.025078297061838173e-01
1.000000000000000000e+00
1.000000000000000000e+00
1.000000000000000000e+00
1.000000000000000000e+00
8.706508407207329547e-01
6.333003717323395509e-01
8.508727460264879916e-01
1.623092678085960583e-01
4.773300164557761627e-01
6.387251978662694674e-01
6.133245471153168926e-02
3.245973489896502584e-01
6.015522935002967087e-01
5.245610497603522271e-01
2.603714661261428143e-01
6.432608319073768177e-01
1.141054875481506414e-01
1.258403257819291632e-01
8.514918367286123183e-03
3.728008686784480843e-05
1.544636407054128081e-19
1.030177032253846905e-03
2.032572966645375401e-01
3.520510883153239734e-02
4.045835115498890300e-01
3.441651503384172972e-02
0.000000000000000000e+00
0.000000000000000000e+00
5.622017203881410907e-01
4.299145920079503564e-04
6.312648813102730294e-01
1.300644127454010923e-01
3.784262069055124855e-01
1.074204000461912670e-03
3.813321425727409539e-04
3.751001394340349598e-02
1.227721652430422902e-02
1.158719499389898946e-02
1.568702335757582444e-01
4.588231766743759432e-01
4.800769619109262476e-01
4.766412443501721885e-01
9.376383115534393797e-02
5.500565185855728068e-01
3.271401940670841668e-01
1.991076827003309957e-01
2.861594912940398361e-01
6.959368312329450301e-01
5.267020533961459527e-01
3.441005887135950014e-01
6.082632350467981341e-01
7.893386110704093683e-01
6.489075001694487588e-01
5.535440083480910323e-01
9.974551641851446826e-01
9.991621756943224186e-01
1.000000000000000000e+00
6.481336003578848093e-01
9.183134732979377768e-01
8.341931429527985609e-01
2.924023119917644742e-01
7.669615694575931952e-01
2.491658861929832713e-01
5.224993927494272494e-01
4.900420393789174933e-01
9.748408453671263407e-01
8.000044158156218721e-01
9.999998985313036659e-01
8.214365619818880804e-01
6.420890425184727635e-01
2.567752382688887614e-01
7.155144765979119803e-02
2.493116151201142938e-01
3.653387905631277910e-01
3.584639982018603677e-01
8.679524760750785273e-01
2.633743823548763130e-01
5.974440431790435380e-01
5.056409803919464929e-01
3.296452596397403956e-01
8.079339804777981859e-01
3.776140726154909588e-01
1.927070049053387912e-02
7.945089533709674967e-01
3.740321242570189830e-01
8.376657438607134631e-01
7.213237478374079359e-01
6.464879712254733013e-01
5.632788930490473245e-01
3.445878749251508801e-03
5.696181087314889507e-03
1.242446936129849855e-02
1.912858197409375224e-02
5.591616522664916156e-01
2.876505390207769255e-02
3.746389818246544934e-01
6.155103238525727605e-01
7.434882129458038058e-01
6.413742036554777037e-01
9.990137839882935467e-01
1.000000000000000000e+00
1.000000000000000000e+00
1.000000000000000000e+00
1.000000000000000000e+00
9.986526714453914932e-01
9.903145645542956732e-01
9.792037426359645469e-01
9.182348061602015887e-01
1.062493344938775369e-01
2.199321789965279494e-01
2.821637471164092220e-02
2.102351926636790158e-01
1.084036604335980453e-01
6.170964366382344357e-01
4.582187277123124791e-01
6.070333021216385294e-01
2.379167444918442731e-01
5.011457584977162538e-01
6.256002096908984678e-01
1.647469651851439232e-01
2.367934590774038728e-01
0.000000000000000000e+00
4.165398718331389363e-22
3.518352133912546614e-02
5.957984804170370907e-01
5.227514677129277976e-01
1.136333761783031721e-01
2.754205145389032183e-19
1.463952934895596165e-19
7.456031918585563634e-02
2.412376047491905373e-01
4.927308308512223789e-01
1.144001488305553121e-01
3.143571136254406928e-02
9.385641131863915743e-03
3.265722402924770562e-01
1.793356444992313470e-03
4.207782920187268932e-02
1.561628766324528461e-01
3.737101205542360249e-01
2.121305238204651278e-01
3.034289567531255893e-01
2.573557772540314703e-01
1.228441042395066740e-01
6.352661256322668093e-01
2.368396536020836718e-01
6.692422297252120789e-01
3.615011810578881435e-01
4.176977755759617161e-01
7.882156758606682079e-01
3.150399434833341394e-01
6.698714915878859477e-01
9.485353428176839241e-01
3.234110224755960550e-01
9.506430459570648361e-01
3.741271466914010135e-01
9.895993534301277261e-01
6.564930812020001172e-01
1.000000000000000000e+00
1.000000000000000000e+00
9.999458308752389168e-01
7.411124715160773979e-01
4.487758464038622552e-01
8.537844808544752251e-01
9.005535519989605886e-01
6.570640626931191219e-01
9.053032268575871289e-01
5.075864672366577901e-01
8.535316141733128026e-01
6.094685595957168855e-01
8.395952350855634405e-01
8.086276709590439760e-01
7.472520066107338765e-01
1.537024218452424651e-01
6.429414103420346693e-01
5.189042444026810141e-01
1.820318792771853378e-01
1.986574340383198689e-01
1.575299478865980485e-01
1.370948009798703127e-01
3.305959768741824067e-01
1.611089097125471548e-01
2.558376201969161379e-01
6.899220158613846854e-01
3.621514840411495517e-01
9.449906451566323362e-01
9.067097481954889959e-01
6.276566143640506246e-01
3.522852122626303761e-01
2.876046638669747524e-01
2.465863332938282859e-01
3.684146125133356819e-01
7.617624330388097498e-01
6.825445783177082060e-01
4.890328502181705561e-01
1.992137616699669878e-01
6.347189867450011569e-01
8.158521821562455534e-01
9.363198070615639246e-01
9.889369721486199749e-01
1.000000000000000000e+00
9.884074867976786472e-01
7.468775818691824053e-01
8.287154826791246487e-01
9.999707266835435870e-01
9.950214625783666555e-01
9.854062871555058223e-01
8.587720884544258748e-01
9.440654627700538759e-01
8.447701961539297866e-01
1.132083867286343276e-01
4.120134808778681823e-02
6.214881312321196907e-03
4.102614756122564543e-01
6.245489714206748921e-01
3.456737945485030550e-02
1.418515973908792138e-01
9.071804700694963142e-01
7.006703455432239380e-01
1.000000000000000000e+00
6.441405006769742592e-01
3.369702664679459225e-01
1.773679571816079992e-01
1.029342974312232749e-19
2.637292040205320431e-02
1.290777207587393005e-01
0.000000000000000000e+00
0.000000000000000000e+00
6.130811291329554998e-03
9.508646679413543246e-02
3.635432488356535514e-04
2.085420568328610058e-01
5.182783172966949625e-02
7.599612029614980502e-01
6.288183773229258922e-01
8.249182600199908566e-02
2.029122226986478927e-01
1.374653596053429343e-02
1.707236918208528825e-02
2.822807269429952054e-02
4.203321666064044337e-02
5.109901758684561729e-02
5.687448702741326051e-02
1.133320782905100077e-01
4.097820657499667840e-01
2.885437934893104184e-01
3.173948465116028239e-01
3.728491500219835997e-01
5.501338216894746669e-01
4.823296059435235317e-01
4.808378179329117486e-01
4.860309601728348139e-01
4.086227142379528776e-01
6.235866610714742020e-01
7.837030481345750310e-01
3.524692836567667187e-01
9.721495601552833099e-01
6.136030940504249021e-01
6.360034062020326617e-01
9.765728167017676542e-01
9.990164539676580358e-01
9.999988433103598195e-01
9.992784354810491099e-01
4.172756069859146488e-01
3.981934912966005324e-01
7.635323146759926960e-01
8.385761287205065750e-01
7.949535764046725683e-01
9.131954245444501295e-01
9.744914069159632541e-01
9.657995890657716798e-01
9.477698206761613342e-01
9.080153818079436112e-01
7.614035666916368905e-01
5.457448823341736199e-01
1.424085685033500692e-01
1.314711391819386455e-01
7.542549234627695665e-01
9.862494181441476826e-01
2.512999198255193578e-01
1.962077586572558707e-01
6.654916455416735044e-01
3.200678510425959411e-01
8.426112087591840494e-01
1.696627348870035634e-01
8.001910691727301961e-01
2.338371621294436375e-01
8.755681374967818620e-01
2.722854044198323997e-01
2.764904154175052420e-01
5.717842412138727237e-01
5.440772285422402765e-01
2.669971852386778810e-01
8.517845897239910702e-01
2.268282128601373793e-01
1.843242774803051376e-01
6.205374996119312758e-01
5.759346907689155692e-01
4.426091810545699223e-01
9.452948778112120198e-01
9.967629390405206014e-01
1.000000000000000000e+00
9.124676277613534836e-01
8.509327699795847799e-01
1.000000000000000000e+00
9.978934856052882330e-01
8.467973392313864478e-01
9.781873756036196799e-01
9.760777768646016206e-01
9.675085915282982674e-01
9.031705130322971176e-01
5.601073653825479060e-01
4.275242135855731457e-02
4.770739165747672761e-01
3.340481282528424689e-01
3.664480676886553434e-01
1.596679163741111795e-02
3.407759369967469087e-01
4.391861213433879696e-01
7.716979370146014316e-01
9.999996224728893157e-01
9.999951897866530270e-01
2.755215546161800533e-01
4.061173319867735984e-03
1.294229824036172427e-01
1.496673633125455939e-03
